,rf,xgb,gbm
2001-03-01,0.07562686977420804,0.07459295593974688,0.07576103797963867
2001-06-01,0.08181351504380409,0.08132003696285175,0.07988400168691737
2001-09-01,0.07502012853421189,0.07411781229651444,0.07403312473930602
2001-12-01,0.08113129329244545,0.08001343929591086,0.08068747936631498
2002-03-01,0.08083007617692796,0.08168833004127424,0.08014272461084354
2002-06-01,0.06274619391169592,0.06517125069659904,0.06346542333978235
2002-09-01,0.06298303771754896,0.06358447934724928,0.06460117846087592
2002-12-01,0.054884843356722855,0.05758112746587401,0.056741589947139535
2003-03-01,0.04845624276643194,0.04940492522500469,0.050917851433902865
2003-06-01,0.05420380851988607,0.05409300445476479,0.05507511354631672
2003-09-01,0.0506298695261645,0.05070360610127258,0.049787635403438106
2003-12-01,0.04069794956793778,0.04159624611058902,0.03968714681889783
2004-03-01,0.03770020350847241,0.04008808382966925,0.03791753027227289
2004-06-01,0.02918619735202277,0.03001543700218921,0.029583200973194224
2004-09-01,0.016052200866170516,0.01731750279717104,0.017122860606859122
2004-12-01,0.017882371447573882,0.01986534575658733,0.019193578970786527
2005-03-01,0.019750841508410413,0.031448040756686065,0.02039342561080461
2005-06-01,0.02515468845233415,0.03323556425088255,0.026978602122071465
2005-09-01,0.02667220730026167,0.033856967129347895,0.027354757989259244
2005-12-01,0.048356073700054326,0.04904610511959756,0.0501591882067929
2006-03-01,0.09675812894631139,0.09620580690534092,0.0963402819353275
2006-06-01,0.09053081892647875,0.08859881394523708,0.0903864380662548
2006-09-01,0.09285461570285632,0.09094297092361356,0.09131637737983163
2006-12-01,0.06993776590222364,0.06981730631270522,0.06907269385854728
2007-03-01,0.018894214260143892,0.019351473092126925,0.019625685233028985
2007-06-01,0.029203482760644068,0.029435269242478305,0.0300580317756602
2007-09-01,0.026056167408602966,0.026179304595161258,0.026132436437762804
2007-12-01,0.02582555756098171,0.026038017911927513,0.02656685196162149
2008-03-01,0.041234223782326024,0.04182930874795806,0.04263823507844671
2008-06-01,0.05117998247562898,0.05125986799738122,0.05072289871634051
2008-09-01,0.06480890701006889,0.06462668261055649,0.06399793533218957
2008-12-01,0.08799662586434155,0.08858123983613517,0.08720488670721603
2009-03-01,0.10627889102735245,0.10539757258343264,0.1054071829331571
2009-06-01,0.0918374711976634,0.09005342890918763,0.09221229575229947
2009-09-01,0.08299942501240269,0.08233655306441896,0.08322315168330087
2009-12-01,0.06159965763940765,0.06140914596846358,0.062098787229738654
2010-03-01,0.03480502642550474,0.035451205705301365,0.03534823687497267
2010-06-01,0.028219828766408953,0.030021573394976304,0.02930708474780123
2010-09-01,0.025272663309597026,0.026881650457103272,0.026401577288302256
2010-12-01,0.025568870761924493,0.026266891572717613,0.026613678187407525
2011-03-01,0.01891291002390884,0.019894888945524426,0.01949458720700636
2011-06-01,0.020791826262567623,0.02128058981910785,0.021158583754573593
2011-09-01,0.01583197667623103,0.016548669840842495,0.016343211878569824
2011-12-01,0.023269348315685397,0.02339015760905412,0.023466830757665157
2012-03-01,0.025712871500703015,0.02685530589830895,0.025825835503019645
2012-06-01,0.02782087885975875,0.028084019431337426,0.02806856623013657
2012-09-01,0.03115780050676316,0.0315715173469175,0.030764943492028365
2012-12-01,0.018989096890858637,0.02094278049772267,0.01978488820013628
2013-03-01,0.017002772089855726,0.016579308406134523,0.01719362655487669
2013-06-01,0.016934137323931238,0.01704953086971011,0.01663727477575349
2013-09-01,0.014564683152422894,0.014822423628890649,0.014378364874386701
2013-12-01,0.015745179139105985,0.01624772528602774,0.01578218634966551
2014-03-01,0.01636969976081762,0.017044796758635468,0.016735710224393123
2014-06-01,0.011252806387077607,0.01188277170259728,0.011436307522011278
2014-09-01,0.017231511403577832,0.018087557766462387,0.01786391518049494
2014-12-01,0.015053283832636507,0.015178779994867957,0.015056202242958578
2015-03-01,0.01616084561493685,0.01665504014584214,0.0166628794639101
2015-06-01,0.018327554879462093,0.018727869136454176,0.018680084455908054
2015-09-01,0.011651154342066043,0.011896225838813768,0.011947975104955343
2015-12-01,0.019567820974352747,0.020237762638380986,0.020445064124434986
2016-03-01,0.02094335272968445,0.021029363088969306,0.0211676995363751
2016-06-01,0.02356213456543663,0.023202112515491077,0.023601717867985553
2016-09-01,0.023592636266511244,0.022906827065374585,0.023026355838666027
2016-12-01,0.015995303656191916,0.015912108180363697,0.0159815554813734
2017-03-01,0.01499980419070975,0.014896649231372355,0.015089017698379477
2017-06-01,0.013073029996435693,0.01304093803857333,0.013095405680749605
2017-09-01,0.013908215988307108,0.013884322395333147,0.013879929261837235
2017-12-01,0.01413621706962334,0.014075664322978276,0.01415010626057595
2018-03-01,0.012756615691599657,0.012326234121405355,0.012644680549358288
2018-06-01,0.011756363360378146,0.011526873007337573,0.011441530428664887
2018-09-01,0.010954702274531804,0.010885132753054248,0.010956195163637047
2018-12-01,0.018508311201463425,0.018177403532996232,0.018308523148273605
2019-03-01,0.026535824756467166,0.02643518127037719,0.026304020436040465
2019-06-01,0.029563885373211137,0.029537400017386035,0.02949700716674999
2019-09-01,0.03090894677530976,0.031197900347408998,0.03067175921685619
2019-12-01,0.024285082493662975,0.024402510492071938,0.02504231920812812
2020-03-01,0.01895733552813165,0.018624778947303047,0.018904344898478934
2020-06-01,0.027201485142049904,0.027875134302032388,0.02761834534278828
2020-09-01,0.03363859765098681,0.034143719826890524,0.03475494261890823
2020-12-01,0.033447294817808115,0.033705534826432265,0.03369977450622978
2021-03-01,0.03300385032296178,0.03327191721555827,0.03349370297025102
2021-06-01,0.02237548906890766,0.021535771616591325,0.022788876171792413
2021-09-01,0.015068130797979265,0.014739079984676889,0.015058750532398338
2021-12-01,0.014647238972209244,0.014487112130161031,0.014388947925305534
2022-03-01,0.013833518342663003,0.013785250459473396,0.013824436423486613
2022-06-01,0.01832036576599219,0.01837483407232153,0.01843224789518568
2022-09-01,0.027491528535052497,0.027396626041026405,0.02731284422541761
2022-12-01,0.02981400312860535,0.030026531282938033,0.030164408097131785
2023-03-01,0.03136864196694351,0.03142349201688763,0.03135749083618913
2023-06-01,0.029293338347720875,0.02974602049375702,0.029656019881119045
2023-09-01,0.02340194696427837,0.023735632722530608,0.02362652362016141
2023-12-01,0.030165275355576344,0.030240798479183328,0.030034771028870064
2024-03-01,0.09639225347313936,0.09685637889073567,0.09696830543673257
2024-06-01,0.0961440888317871,0.09701001118356142,0.0968020624334792
2024-09-01,0.09953841893366447,0.10049675623523746,0.10003915227596165
2024-12-01,0.09294928772746601,0.09349939348112325,0.09339082640485229
2025-03-01,0.044501993738412876,0.045853110602480436,0.04489520800179985
2025-06-01,0.05480176784555481,0.0559607262022718,0.055785108009993235
2025-09-01,0.059798095870287615,0.05852602342236942,0.06026809462957121
