,2184,4839,5073,5125,5518,5643,5680,6669,6829,7154,7906,8823,9248,11511,11672,12459,13498,14418,23809,25119,25340,25434,28180,28191,28930,29015,29736,31846,37420,37460,61420,64410,64768,64891,65417,104432,114524,118122,119314,126296,140541,141459,149318,155394,160211,161844,165914,178015,178704,184996
2001-03-01,0.038684744387865067,0.03357141092419624,0.027852268889546394,0.038684744387865067,0.016553154215216637,0.038684744387865067,0.03323069214820862,0.03357141092419624,0.038684744387865067,0.031646907329559326,0.038684744387865067,0.03357141092419624,0.03357141092419624,0.038684744387865067,0.038684744387865067,0.018404128029942513,0.03323069214820862,0.038684744387865067,0.03357141092419624,0.038684744387865067,0.03357141092419624,0.038684744387865067,0.038684744387865067,0.038684744387865067,0.038684744387865067,0.038684744387865067,0.053044989705085754,0.03357141092419624,,,0.026483936235308647,0.053044989705085754,0.04244239255785942,0.041098371148109436,0.038684744387865067,,0.041098371148109436,0.053044989705085754,0.03696721792221069,,0.038684744387865067,0.038684744387865067,,,,,,,,
2001-06-01,0.05063403618327192,0.028977007276945903,0.042335513549808516,0.05269450892647029,0.017330525264272367,0.03761599260487802,0.011527059850765645,0.03531089933513136,0.036288828096481,0.016730965715996554,0.016338311666275963,0.038798806094311765,0.02801320503388839,0.05609671770331495,0.019719413147690247,0.024412844884809257,0.04424038958461567,0.033702333698387855,0.019283645035364293,0.0558024518267812,0.04060913733946622,0.03600782383410328,0.03576491246207216,0.013666717265801622,0.015462272223595986,0.018753478905891786,0.04977492247945624,0.07121184334424348,,,0.05457692793648301,0.02517613103899283,0.08334067274705562,0.0386691964722176,0.005059567797317455,,0.04892956042583321,0.03993104254118352,0.048718191441967304,0.04892956042583321,0.02813130312061181,0.026615039772688955,,,,,,,,
2001-09-01,0.02350329648863249,0.01998458769624195,0.022519996871458205,0.008346026891257713,0.02046991351352502,0.01560655759968704,0.01741625677811504,0.024709890502715957,0.02326263898231795,0.016376844464265402,0.019359404734260788,0.03113631261107054,0.04090526017502961,0.03214626935660931,0.03851078934223249,0.026488648504950186,0.01692697974889475,0.028616087912186,0.021175317904333114,0.013688003332001946,0.033640460023536656,0.03325450359504635,0.02736281622398644,0.024473297714563795,0.012564674472596161,0.032261195090830884,0.04624511675032378,0.019166449363194733,,,0.04188105534691047,0.03294623591031008,0.03716875726650721,0.015368292269300676,0.04122320577400846,,0.015544974923891472,0.028344660057354143,0.02097891974378234,0.01840825143345324,0.03142785036478963,0.024651135596263866,,,,,,,,
2001-12-01,0.0023080704268068075,-0.053116101771593094,0.037212174385786057,0.018980875611305237,0.03821743652224541,0.03368411958217621,0.001132803619839251,0.029850587248802185,0.03239251673221588,0.005171845201402903,0.025066427886486053,0.03450828790664673,0.02816326729953289,0.033830076456069946,0.024958204478025436,-0.009499140083789825,0.021027447655797005,0.030262447893619537,-0.008391356095671654,0.02361646480858326,0.03450828790664673,0.01851467415690422,0.043906521052122116,0.029850587248802185,0.03476979583501816,0.009973544627428055,-0.009945623576641083,0.033579207956790924,,,0.03660630062222481,0.01953384466469288,-0.23671884834766388,0.028989478945732117,0.01785053126513958,,0.03609447181224823,0.03821743652224541,-0.0741281509399414,0.003749310504645109,0.02080676518380642,0.16343338787555695,,,,,,,,
2002-03-01,0.03599064638377498,0.015776887931615236,0.02061648359525684,0.0061986824688236445,0.03404637101010804,-0.001080450843173159,-0.007565196085243038,0.032685672528010294,0.030672002312787664,0.015092673573376484,0.017867313457401585,0.055691638517803954,0.03761393739650594,0.036005871793953224,0.030068309634090302,0.02649765462831122,0.01489986842240059,0.02848117870785245,-0.008839588644235685,-0.0018149108809392578,0.04981133647100646,0.010283772276351402,0.04305905555601752,0.014301446458380957,0.015562301033638577,0.03175571336961706,0.06826347924810819,0.019189355252677807,,,0.013087428230030318,0.02734249054017709,-0.007053012866767716,0.010512903881154582,0.003318224412119774,,0.003388546580162319,0.0022639582104092334,-0.05170924569981073,-0.028078405950389854,0.022485671762809963,0.011987283662260317,,,,,,,,
2002-06-01,0.016299212429105505,0.045827671487709255,0.014534123122057669,-0.005513231190311777,0.00041651866867139435,-0.021315506697187882,-0.013485785511007613,0.035617190413207434,0.03444855714662533,-0.016638783449010486,0.008660549857739246,0.04918198314801484,0.027468606444049287,0.021729894677032343,0.03810516375407972,0.023737587363585225,-0.015241889111877684,0.026864190500093806,0.00047667505879051236,-0.014934788796024003,0.06103042404835629,-0.0030704618841159164,0.012241403655247406,0.020124381902246392,0.017258441119977118,0.029666596531540912,0.06770668573599584,0.030226627193138178,,,0.01652848542782956,0.04687195438880813,0.0171688074241453,-0.007364855521892748,0.007769458097712423,,-0.003042158289118295,0.04059169397687659,-0.0082603461480552,-0.019276758692034816,0.016744570091599506,-0.0026390291004772613,,,,,,,,
2002-09-01,0.08112277084298462,0.04742359528602191,0.055519149967227385,-0.04534565265928057,0.02481078503907507,-0.03585136201563827,0.026703129640950608,0.05256976117480091,0.057177398703067574,0.00894682599769401,0.029886808793343756,0.04152158026048199,0.038072098369353054,0.04336911364234798,0.09282088095901664,0.04184899919519546,0.048368516348447105,0.02590878001395357,-0.053632599005502206,-0.016881984442612744,0.04122805272132414,0.02089750800324634,0.04822585896552773,0.04312091406684565,0.03553711742363904,0.03757500018764747,0.015716934014221903,0.06438242788616311,,,0.052582244420606244,0.05125027188023779,0.06874468684008442,0.050922228343927005,-0.0001353819858824343,,0.06210681316837084,0.04423733559092248,0.1269959910614351,-0.06460670868323833,0.03620905979629458,0.04081365952506003,,,,,,,,
2002-12-01,0.047843164590562114,0.04022062849433682,0.013984652053884012,-0.0020810654661328155,0.033836746854324466,-0.025914423266460224,-0.015036353377258435,0.046889954150586124,0.026661342523549618,-0.005068482464720803,0.00485541625348824,0.04898290591068358,0.05157814629005997,0.010564732481183874,0.05498371469224264,0.030457738396471874,-0.009708961274114058,0.004001342091847177,-0.008014635740866397,0.004926623792915961,0.051043229820997196,-0.011725063407142206,0.02972738561976594,0.025849042029544845,0.022270972232652588,0.015425811068225556,0.07741225583878411,0.03783938487814974,,,0.05174193896899856,0.037349419695998094,0.00305981120029869,0.01218802725563066,0.0037974797052806324,,-0.004788341283723168,0.044638955454461886,0.039179297539097,-0.03606327557942142,0.0008262259850419037,-0.003264438265855943,,,,,,,,
2003-03-01,0.07947975828629032,0.045383553679417765,0.02488734188587076,0.007978953184291196,0.05292268915159584,-0.02181209895848849,0.05710525060830312,0.052638069459472456,0.03583042270227828,0.011142655322094575,0.009923610821765277,0.06530976836123012,0.08593468451598607,0.08071137286179202,0.07332769677243661,0.044476313443745294,0.009687056657345245,0.01503068471356723,-0.0043873883387166804,0.026566163384370206,0.05966127997653039,0.029851714264454654,0.041625279756133754,0.017912201191088953,0.04396650532477623,0.07395286329188908,0.10007151031238377,0.08339893499342205,,,0.05531455769753754,0.0798775413264687,0.0328689405829337,0.045493953604872586,0.07054150743806875,,0.01338264247348161,0.05390900549630949,0.08028483855031096,-0.011280896833941165,0.03527443872477093,0.019779760357217978,0.03996883273867512,,,,,,,
2003-06-01,0.05511404946446419,0.06103241443634033,0.044272083789110184,0.038605041801929474,0.011676846072077751,-0.008459638804197311,-0.0017781176138669252,0.04883908852934837,0.03637424856424332,0.02305876836180687,0.026292070746421814,0.060233112424612045,0.05659927800297737,0.060832660645246506,0.061761654913425446,0.06257729977369308,0.006576909683644772,0.046594783663749695,0.0002072377101285383,0.05741167813539505,0.060233112424612045,0.02558196522295475,0.028904268518090248,0.041962333023548126,0.03834772855043411,0.06500722467899323,0.060820985585451126,0.022792784497141838,,,0.06499405950307846,0.036691971123218536,0.07327301800251007,0.04619031026959419,0.06186343729496002,,-0.0471818670630455,0.06563552469015121,0.04092252254486084,0.06309723854064941,0.14768101274967194,-0.0471818670630455,0.045443177223205566,,,,,,,
2003-09-01,0.004129026749656891,0.033681465757205056,0.026455219066833412,-0.0036455038711846175,-0.02268619776835189,-0.039077798569434455,-0.01488270182082801,0.05026376889766336,0.021380022794305002,-0.010057603958739529,0.0040276669429746195,0.06464906174866587,0.07528225325254129,0.0018720792979671575,0.04446300965017489,0.06030100793191897,0.016690490918742692,0.006538411088994537,0.0032205927561802395,0.02301048574685502,0.06379912396737286,0.01546955663893645,0.02807145388753623,-0.00798118404105974,-0.005787118717823924,0.059472337388271235,0.08163520144726912,0.0885197555030703,,,0.06536769829445892,0.01783493033204244,0.012906280821990489,-0.025133888128178596,-0.01930916005548373,,0.009344733818058011,0.05496785017440809,0.001002599428308802,-0.0059694246183560505,0.023701530965157428,0.003350074871151586,0.03691470432556262,,,,,,,
2003-12-01,-0.008172453381121159,0.03228089213371277,0.011708364821970463,0.01069649588316679,0.02795117348432541,0.006742064841091633,0.011350985616445541,0.013368862681090832,0.01662936434149742,0.02051725797355175,0.0265053603798151,0.01709672063589096,0.03738189861178398,0.018641149625182152,0.03742023929953575,0.029046643525362015,0.021789103746414185,0.022272611036896706,0.02766439877450466,0.02444400265812874,0.03338079899549484,0.0265053603798151,0.02711665630340576,0.02843230590224266,0.02051725797355175,0.02711665630340576,0.04588210955262184,0.033460427075624466,,,0.03350304067134857,0.03771946579217911,0.022688118740916252,0.019277134910225868,0.02621382847428322,,0.028094612061977386,0.04669848456978798,9.489447256783023e-05,0.04681849852204323,0.028094612061977386,0.022809024900197983,0.026802552863955498,,,,,,,
2004-03-01,0.026080453768372536,0.02741442434489727,0.016774125397205353,0.02418147772550583,0.021244416013360023,0.005204610526561737,0.021588588133454323,0.017731040716171265,0.025915805250406265,0.011772322468459606,0.028144484385848045,0.028728559613227844,0.03692029044032097,0.03166940063238144,0.045424867421388626,0.03176950663328171,0.002514392603188753,0.011772322468459606,0.012838093563914299,0.03506024181842804,0.02862013317644596,0.02180231176316738,0.028034823015332222,0.03269148990511894,0.02127833664417267,0.0185538362711668,0.04976349323987961,0.02533620223402977,,,0.02204485796391964,0.027960428968071938,0.03702433407306671,0.014675461687147617,0.021505292505025864,,0.004180418327450752,0.04552891105413437,0.020409245043992996,,0.007752046454697847,0.00641032075509429,0.026486800983548164,0.028144484385848045,,,,,,
2004-06-01,0.008860932663083076,0.02818872779607773,0.020833810791373253,0.019541943445801735,0.06371134519577026,0.013245340436697006,0.013245340436697006,0.03571489453315735,0.029503656551241875,0.008860932663083076,0.03003288432955742,0.03298557177186012,0.02742840349674225,0.023090709000825882,0.0461144782602787,0.06746586412191391,0.019541943445801735,0.011576617136597633,-0.017405705526471138,0.0035928247962146997,0.03759230673313141,0.029957575723528862,0.031236307695508003,0.030800355598330498,0.01573364995419979,0.03003288432955742,0.03759964928030968,0.044454704970121384,,,-0.013490259647369385,0.02965620532631874,0.022605132311582565,0.02720685675740242,0.020239034667611122,,0.02892235666513443,0.03393916040658951,0.023090709000825882,,-0.0025554648600518703,0.023090709000825882,0.033063504844903946,0.017248209565877914,,,,,,
2004-09-01,0.043031953275203705,0.036278657615184784,0.013855477795004845,0.004435935523360968,0.010184427723288536,0.010887417942285538,0.043031953275203705,0.041028063744306564,0.043031953275203705,0.018932808190584183,0.034470297396183014,0.036278657615184784,0.049153342843055725,0.030269423499703407,0.046528398990631104,0.06450138986110687,0.029460860416293144,0.019121229648590088,0.04343710467219353,0.04343710467219353,0.036278657615184784,0.0315655916929245,0.034470297396183014,0.022224031388759613,0.018932808190584183,0.0315655916929245,0.049153342843055725,0.03652277588844299,,,0.01232284214347601,0.034470297396183014,-0.04116489365696907,0.01182369701564312,0.01172240637242794,,0.016786042600870132,0.049153342843055725,-0.02477540820837021,,0.01389580499380827,0.048415035009384155,0.04392532259225845,0.0315655916929245,,,,,,
2004-12-01,0.0039332991621431074,0.0421098609561411,0.016571718473468788,0.0046608403413979085,0.05129996245944786,-0.019050886476080182,0.002417516085490576,0.06849457597883948,0.041807505496143385,-0.006329006457901888,0.005652744971548416,0.032802330007888694,0.007915839403554744,0.04252947898909556,0.011192669471818937,0.0884125026116018,0.004116135680148342,0.01577089480175726,-0.05897299040674585,0.03926798233797129,0.05259195083270125,0.014735495398992745,0.05918015214251974,0.020405759434134526,0.02448249077549283,0.018143662701459423,0.09476835273772835,0.025499990621607502,,,0.046408657493002194,0.013735503620543167,0.04748952379694783,0.001069522591195168,0.036249974562491134,,0.041886975961456914,0.06037132032205499,0.048716075126247614,,0.08256253207524003,0.06790193781384216,-0.0008241259495703557,0.04473939661537954,0.05076677567011248,,,,,
2005-03-01,0.04034082219004631,0.03108549676835537,0.030814966186881065,0.014990335330367088,0.04309634119272232,0.008560433983802795,0.020853841677308083,0.03519701957702637,0.034585822373628616,0.012397308833897114,0.07386219501495361,0.07402531802654266,0.06645319610834122,0.040847454220056534,0.05672667920589447,0.036497488617897034,0.028787579387426376,0.015346921049058437,0.0276247039437294,0.024718020111322403,0.03894423693418503,0.025235755369067192,0.045418038964271545,0.05142362788319588,0.027117572724819183,0.049081798642873764,0.06730574369430542,0.04387301579117775,,,0.013178459368646145,0.04172004014253616,0.04566855728626251,0.026737628504633904,0.03252808004617691,,-0.022351598367094994,0.052599985152482986,0.05040799081325531,,0.0027006175369024277,0.024894954636693,0.030841471627354622,0.050991956144571304,0.14501886069774628,-0.024741724133491516,,,,
2005-06-01,0.023204021155834198,0.050518691539764404,0.02419469691812992,0.025352921336889267,0.037485796958208084,0.03140215948224068,0.03275317698717117,0.05927317589521408,0.04184034839272499,0.023720016703009605,0.046459123492240906,0.05807928740978241,0.06576509028673172,0.03575393185019493,0.04832027480006218,0.05307890847325325,0.027115851640701294,0.025416160002350807,0.038376618176698685,0.03473420813679695,0.05635493993759155,0.029795372858643532,0.046459123492240906,0.03847552090883255,0.025416160002350807,0.044436015188694,0.03357609733939171,0.025488752871751785,,,0.030847223475575447,0.06922786682844162,0.0315529890358448,0.035555873066186905,0.042098518460989,,0.04800416901707649,0.0658443421125412,0.04193999618291855,,0.02612462267279625,0.039135705679655075,0.049589332193136215,0.04079803079366684,0.049228016287088394,0.023556940257549286,,,,
2005-09-01,0.01884815533093524,0.056817890767503695,0.036668660635839886,0.03437730140161257,0.02848718682191231,0.018831738735817963,0.00760615235021771,0.04488165106898573,0.002509053026034339,0.00785562818407703,0.036805126490336584,0.03987583803315533,0.06610758685623669,0.017841485062766123,0.054158636119678014,0.009836153658863507,0.012876467475363982,-0.006621149697859094,0.015110550745177326,0.03577711913130568,0.036501029653614514,0.01796735116897867,0.06199722156209794,0.0034335177229015868,-0.00994079763691791,0.052624401550206,0.08284733677225742,0.03072314405109635,,,0.028834514219252195,0.05251656964259763,0.07141388585793253,0.010780408185197283,-0.006053400984654154,,0.00861121195623147,0.06332951023584943,0.051029524161741835,,-0.0010558727765650876,0.0254499611218264,0.031421170343902384,0.0549449168071864,0.028340507937784816,-0.00947591668285618,,,,
2005-12-01,0.021928650826971072,0.04619479308464689,0.0339035550452673,0.031798025200156975,0.06379400925121047,0.016721100225885813,-0.003643900021568176,0.046209656806194224,0.004496848341182009,-0.007098559842547873,0.024006918157190863,0.04584871888542837,0.058426926104101114,0.021266500294322054,0.057418785546619076,0.018040299558623855,0.005582924028695689,-0.00803302128140199,-0.00524742817011372,0.043927061910599585,0.04822500369158138,0.01874381402786463,0.04409992371499303,0.026812067111456277,-0.01116769717081114,0.048052227924912295,0.06212459899240292,-0.0046314677243896275,,,-0.010654208427113137,0.05236556366418174,0.044980015450403005,0.023143759804740486,0.0059084639338553135,,0.014234408181968123,0.0694907121067196,0.08183304125357636,0.01255289162297877,0.013449403344453556,0.008376468242985574,0.034433151124325864,0.0365146557727536,0.013197157284188193,-0.002484115726365808,,,,
2006-03-01,0.03977864409902648,0.04708654517940031,0.05314630211243472,0.02268696589556738,0.07146373396125963,0.010386622066183454,0.005070001215903416,0.05039063691278991,0.013979362428769026,0.008747412134665743,0.03695861757173343,0.0535949934158765,0.060402442405074044,0.07334353039053634,0.0658554738602733,0.04341660521279379,0.015031777495822235,0.007647424352163246,0.006791782229327977,0.02439996200777161,0.03622210461312854,0.01604393088856962,0.06025884592230357,0.03768084085217847,0.004435882949935969,0.06834585545207883,0.07059800390290573,0.01503896516338299,,,0.017734773272342946,0.06292966848875704,0.05151524672601395,0.008930105901972588,0.011116912091752404,,0.01714753023692297,0.06976236282352374,0.04299792849342618,0.02644004785808527,0.018103983335883075,0.007983018483911208,0.039869811783565794,0.045397803381430575,0.056283269899151174,0.002020949421374569,,,,
2006-06-01,0.007026497865919793,0.02218916557600488,0.04449097250197057,0.0381622782911735,0.03027563031773769,0.04283027042256863,0.038662518480238724,0.06578707690761254,0.04286598921572246,0.01926980901718985,0.042047263855051906,0.03422698422701981,0.05610156266122661,0.044545423479778565,0.04870446246398168,0.04608383208988744,0.0448580447908094,0.016204925160610402,0.0013446367894949453,0.04035363480752783,0.03422698422701981,0.034651458165835355,0.034651458165835355,0.044439399818681065,0.04101237189182184,0.05367025108244333,0.024602580896482092,0.021857338318080066,,,0.031637233572843156,0.05010415169439891,0.024111455474008805,0.04055030044863545,0.039586671751801944,,0.044529062289540226,0.042871823199705325,0.06335492893599032,0.04587479692511574,0.011519767361498172,0.012088143260855616,0.04811595534902202,0.041008508569888406,0.03023154621844224,-0.004303577052857474,0.05367025108244333,,,
2006-09-01,0.029749743427957154,0.03688800741840759,0.019242031845515407,0.02994437380790576,0.021906013219594338,-0.0044798150428580884,0.03802665471748595,0.05062893875594923,0.03900455769422751,0.006368356271424344,0.03236030925315574,0.05565053335988185,0.07151081995938982,0.023806824191379118,0.06521993008317381,0.06647908211471285,0.020122747496743924,-0.009002056847408207,0.03062014489719157,0.04463933386650474,0.0653685807198267,0.014950424085618507,0.05917549656505128,0.0144768934662812,-0.019817288264519114,0.04410432071907008,0.07747908954572558,0.019401513384523107,,,0.017278909847983713,0.06588970290087139,0.03066292096204629,-0.0053108272675879385,0.011827308325529046,,0.016655753648755586,0.06228965917777431,0.01744319133284655,0.020870287059432894,0.004827909298127149,-0.005316440688158416,0.0061227910395341215,0.03557661450998145,0.026870783888061835,-0.016750823392574544,0.06591349362080111,,,
2006-12-01,0.02609945833683014,0.026784630492329597,0.06890001893043518,0.023038724437355995,0.04567304253578186,0.02609945833683014,0.026186056435108185,0.053824495524168015,0.023038724437355995,0.021646443754434586,0.04567304253578186,0.0616542249917984,0.04567304253578186,0.04567304253578186,0.04567304253578186,0.09429281204938889,0.042476288974285126,0.02295212633907795,0.02771655283868313,0.05767589062452316,0.04567304253578186,0.04567304253578186,0.04567304253578186,0.06694778800010681,0.02155984565615654,0.04567304253578186,0.04567304253578186,0.022027483209967613,,,0.02295212633907795,0.04567304253578186,0.046772465109825134,0.020098457112908363,0.04425403103232384,,0.026186056435108185,-0.07492152601480484,0.02295212633907795,0.04068775102496147,0.024826370179653168,0.026186056435108185,0.02324577048420906,0.04567304253578186,0.05457096919417381,0.02155984565615654,0.05044593662023544,,,
2007-03-01,0.04135070993931929,0.010806001319906323,0.010715888159243969,0.02060249832156011,0.03754682939986863,0.00687636423388598,0.02894908123279889,0.029463507268933178,0.025386765528307632,0.01691160262587063,0.031938922177409935,0.05389024628870423,0.06008244284122684,0.057400169207788496,0.057834798675067016,0.06319075902050857,0.031141143683334923,0.010016948334567375,0.019488716165990093,0.04499213823363939,0.04911094659449293,0.039735605499326976,0.03722562803870777,0.03632517687663289,0.015674788735267054,0.0560277072593002,0.05543386327832287,0.033575302596753696,,,0.025480279594910508,0.046919487135740866,0.07036409996286372,0.02003460324768997,0.02097228093213889,,0.04665996683903478,-0.019376465496387565,0.002249630502109383,0.05732092141293539,0.01727248477390811,0.020376977255883975,0.03238787934751931,0.03731774632421717,0.027830975290373476,-0.002258860350840112,0.05679528549013937,,,
2007-06-01,0.027013061357473597,0.007160318157284687,0.02720434428246835,0.02259281868805393,0.02807109191147579,0.032970657895811085,0.03388223689589581,0.04497295599992245,0.03403122830916094,0.021700503559316024,0.03504715289125171,0.022123172089346423,0.043167108796272474,0.04517906016760313,0.04353395242232356,0.0472772441491954,0.03847402464507325,-0.002722711413416631,0.024957159876894255,0.027859431477001817,0.04999883901602,0.045164738850444766,0.03826334991946928,0.0306284224916277,0.01801780316496288,0.0421792462299371,0.06025914414871365,0.02626186840160406,,,0.033287746650340184,0.04350490533826875,0.04215206370385552,0.028656657647268893,0.03113644619521572,,0.04334929868163938,-0.018355550800856706,0.032446198403059755,0.0422539707475775,0.036181216156397335,0.02031114439415394,0.043474610901903694,0.03452043287697662,0.019260534648592818,-0.011018755915886004,0.05836234642464746,,,
2007-09-01,0.03076321631669998,0.040646638721227646,0.049674276262521744,0.03076321631669998,0.03076321631669998,0.03326703608036041,0.03326703608036041,0.049674276262521744,0.03076321631669998,0.05032310262322426,0.039111603051424026,0.040646638721227646,0.040646638721227646,0.039111603051424026,0.040646638721227646,0.03076321631669998,0.049796219915151596,0.03076321631669998,0.03326703608036041,0.03531466796994209,0.040646638721227646,0.039111603051424026,0.039111603051424026,0.03859786316752434,0.03076321631669998,0.039111603051424026,0.040646638721227646,0.03076321631669998,,,0.03326703608036041,0.040646638721227646,0.039111603051424026,0.03076321631669998,0.03326703608036041,,0.03326703608036041,0.07652965933084488,0.03076321631669998,0.03585195913910866,0.03326703608036041,0.03326703608036041,0.03076321631669998,0.039111603051424026,0.040646638721227646,0.03076321631669998,0.03597807139158249,0.039111603051424026,,
2007-12-01,0.032981115109507506,0.03763807057732835,0.01619918799418175,0.02756206982503017,0.04263239240746744,0.0009225214583781358,0.029399057484970233,0.011256328339216193,0.0448489269704235,0.025992073115879925,0.0360787041431217,0.010167347463903943,0.05923360852395008,0.03865264393740115,0.04113444181333063,0.05837339230688115,0.03642990534156681,0.012148509191096541,0.03245923204698708,0.029850469440409474,0.010080712243978416,0.03843132484280435,0.040470524500240336,0.05052428457650076,0.024518760634635053,0.06100019785288076,0.06392683266443099,0.018362757002444326,,,0.04353215319580673,0.04936173339552913,0.005282943215862942,0.02151095186160549,0.03165135727694808,,0.04011600770613961,0.08113327053844324,0.01628546069996266,0.024993402207177596,0.03223141614233775,0.0307089903093248,0.017760780852904594,0.0391326088132137,0.062454638270462715,0.04167283990114164,0.04401516895785648,0.046048957187071,0.004149541689120329,
2008-03-01,0.04705805653711754,0.03146590773103752,0.012857908433982787,0.0333770693985933,0.05422162462042541,0.0362392098023215,0.030743984680468912,0.04418633819791795,0.03091539801193165,0.009999611173558083,0.04035893402674478,0.053086687799686796,0.07579596200366816,0.07624549592404768,0.06477655860320584,0.06405040717794104,0.0151043139093295,0.015433905836441223,-0.002506417711134487,0.06167673641832518,0.04829729436550706,0.03521206589348845,0.06562463259848346,0.01290330750635292,0.015062472413776413,0.07499010680165512,0.09869651124248081,0.040820883053372704,,,0.042399572837360754,0.0783350997378044,0.02526230837589011,0.019216449460658185,-0.013164499131562122,,0.032795933640427585,0.05639951998459326,0.0006891635711191915,0.01925140025390555,0.0396283173413107,0.02488134066611115,0.016339393704521196,0.032605369003708515,0.0638664212591607,-0.01725606797990523,0.05976413115822992,0.0318227923569795,0.06245800338502108,
2008-06-01,0.018990760295611857,0.04583403589005154,0.040102973450492935,0.037914752619486534,0.01659045504431481,,0.022956336389662553,0.04806948188428678,0.03715204859453228,0.009608251833512178,0.041298396095445784,0.054705159419041464,0.055418615792126764,0.04596635365714006,0.0430519014466721,0.03140350038928674,0.013201181945217239,0.00728631042741013,0.01017147044594023,0.047518483772740004,0.03920629285900223,0.018745507741205626,0.061086922606546884,0.0076560604477213575,-0.0022766832668017056,0.05460163763020277,0.08623958889097859,0.02860357121513857,,,0.051552628219895,0.06648246709821029,0.026440080832482633,0.03709235784725357,-0.0017158082536082371,,0.03170034820141143,0.0559985718637459,0.005097177793664081,0.021375194510638254,0.027134190422175426,0.028979278987979463,0.017263178569850622,0.04837582183960816,0.07727903755345882,0.0041342379812684075,0.046453984574638646,0.03598792994861539,0.0485054062117667,
2008-09-01,0.03743749111890793,0.034231651574373245,9.683368261903524e-06,0.03743749111890793,0.03660862147808075,,0.03743749111890793,0.034231651574373245,0.03743749111890793,0.03660862147808075,0.03660862147808075,0.034231651574373245,0.03743749111890793,0.03743749111890793,0.03743749111890793,0.04441755264997482,0.03660862147808075,0.03660862147808075,0.04441755264997482,0.04441755264997482,0.034231651574373245,0.03660862147808075,0.03697815537452698,0.03743749111890793,0.03743749111890793,0.03660862147808075,0.04540862888097763,0.03743749111890793,,,0.03743749111890793,0.04441755264997482,0.03660862147808075,0.03660862147808075,0.029593436047434807,,0.03660862147808075,0.06349729001522064,0.03660862147808075,0.03660862147808075,0.03660862147808075,0.03660862147808075,0.03660862147808075,0.03660862147808075,0.04441755264997482,0.03660862147808075,0.03697815537452698,0.006079133599996567,0.04441755264997482,
2008-12-01,0.03482310316479581,-0.0017634144139697713,0.007454764427058691,0.03315999960202795,0.03103537500257567,,0.035618635786093096,0.015440975752392045,0.03029247008427347,0.01833038040759643,0.031696845422180285,0.017192909250841496,0.04184613532444679,0.033863974633928276,0.045636365699660494,0.03484933253964157,0.026784851026704994,0.02473330181202682,0.027251675284561124,0.014948700913018715,0.009703130026696793,0.03514670334577083,0.07159083859094854,0.030866466844808094,0.021662651368576705,0.048333674300416525,0.0642206866442103,0.04196668337135011,,,0.035693016920900725,0.04729826392678636,0.034605675020107377,0.02846824837001786,0.009608840743022137,,0.05204245072520916,0.04903819645568525,0.02951631578156496,0.03581476000077424,0.043855724078989695,0.03503128435901913,0.03821554572561824,0.0425776367375407,0.03463266160131454,0.001440919386737802,0.06961468563561504,0.04324198296884259,0.04957762904236584,
2009-03-01,0.03120814953298742,-0.025974597397930906,-0.027003033273588394,0.020289977387037236,0.014256037453847901,,0.04381925802935001,0.005090965722528039,0.027473234813675806,0.003849922205677762,0.03907477764031989,0.007234839979001678,0.06194623197212108,0.032981390933762095,0.06097622882602133,0.04253267638855194,0.009394032933298765,0.004038057415661425,0.01038762634805108,0.0021447698733147594,0.013975198390631343,0.04077577706299997,0.07597037738631351,0.04843472342321032,0.026551833361508122,0.07871254382166092,0.09245953315607505,0.03126173101219812,,,0.026423762047304056,0.06118881707982411,0.05725954509639766,0.04186828719499272,-0.012062421181523328,,0.07222436777536582,0.05180933696804252,0.021839297599854195,0.02937120981766797,0.0411868024538242,0.05799889883367694,0.04063008208472868,0.047595655127702204,0.04024583190296129,0.04512492578491759,0.08775825225731211,0.05342945748446657,0.06237372864638112,
2009-06-01,0.020818274743084255,-0.054141488360029064,-0.04271713489186338,0.027637547102819522,0.009065065900326881,,0.009918758829396692,0.005216318184346669,0.041487164009674546,0.014209505775946136,0.02111515952629885,-0.0006253647377114531,0.03798188390797968,0.016347717097084342,0.03774241420879694,0.005425740402354017,0.009108597732004502,0.04025228571975207,-0.013222691918732854,-0.003008725005492234,-0.0006698940751180815,0.029286141589694108,0.049168863719485555,0.038246035267461946,0.012752209300695434,0.0676008030957127,0.05723319052176627,0.01657495849613833,,,0.015925257869911773,0.0780203913301647,0.011076684871904451,0.019850088971460924,-0.03281591172607582,,0.054863405418236484,0.02179283452963389,-0.009260210831498665,0.026803638221640936,0.04925731462360925,0.061340897130626446,0.050050282608689746,0.06946125405476973,0.03423524123633856,0.045094078570759144,0.06548707065344982,0.042126105571109865,0.072708511845068,
2009-09-01,0.03132328668596549,0.02767213271768603,-0.011461551144528454,0.02530116566701025,0.030602515948930785,,0.01934170243465766,-0.07817191326956971,0.03107866380762621,0.011321652698198825,0.01079442442339418,-0.08384507106032973,0.018138474251431672,0.06467795123708374,0.01379225856460715,0.008380454126989253,0.04405111474263298,0.03708992509286531,-0.0008575833778052674,0.016327734257650255,-0.03546249843168945,0.04151624648069272,0.037742564842859976,0.019814894878505216,-0.029573421964537775,0.07509020457938324,0.038622769123032086,0.006979761915522872,,,0.02791109925445347,0.016835511937356114,0.009529386181986859,0.013596111409147127,-0.007842729370413526,,0.05270596519538852,0.12374800329994988,0.020569664743880466,0.0009844081985359875,0.031162702397561026,0.06468180917076999,0.002947924535164741,0.05464814882817251,0.0396628079125761,0.02615498657024863,0.03265221026827532,0.040916224608975996,0.06042666597975674,
2009-12-01,0.027629423716965352,0.028474436710163458,0.021963336582679727,0.012079010112635402,0.01069573643969859,,0.014570742324180942,0.008278504858598932,0.045488898971780475,0.012198560729313948,0.02042432411221106,-0.0015101361689913112,0.031732819616375,0.028172778643633278,0.03175993426060302,0.01242155805315074,-0.008641345491565438,-0.02319615402464568,0.010315130167266045,-0.020303939042071135,-0.046797011235158247,0.019355130772408233,0.03681213090047891,0.02116062851134965,-0.10382551398847822,0.03168276875808829,0.04055634536022754,0.00567240282539436,,,0.007501890015423241,0.019018010001909957,0.0014734751888987414,0.029492646723753183,0.008757708966865958,,0.05286607546033087,0.04487511544544141,0.03842050830929853,-0.043892343810347983,0.008440306960389238,0.01496151922601603,0.0031754203191058255,0.049697689231472796,0.05309246128995406,0.015565442806200805,0.011433861845037146,-0.020405629939122545,-0.026643936405838148,
2010-03-01,0.0026778709143400192,0.011205274611711502,0.13235734403133392,0.0026778709143400192,0.0026778709143400192,,-0.003455718280747533,0.011205274611711502,0.011205274611711502,0.0026778709143400192,-0.00971507839858532,0.016559801995754242,0.004787925630807877,0.011205274611711502,0.004787925630807877,0.002920903032645583,-0.003455718280747533,-0.03896050527691841,0.0026778709143400192,-0.003455718280747533,0.011205274611711502,0.004787925630807877,0.011205274611711502,0.011205274611711502,0.025858299806714058,0.011205274611711502,0.011205274611711502,0.0026778709143400192,,,0.004787925630807877,0.011205274611711502,0.004787925630807877,0.0026778709143400192,0.0026778709143400192,,0.011913674883544445,0.13235734403133392,0.002920903032645583,0.0026778709143400192,0.0026778709143400192,0.0026778709143400192,0.0026778709143400192,0.011205274611711502,-0.025045931339263916,0.011205274611711502,-0.00971507839858532,0.004787925630807877,0.004787925630807877,
2010-06-01,-0.0032974654486836413,-0.006896304624009958,0.0939965849337924,-0.002229918880393776,0.007567496113059484,,-0.003344304008968942,0.009818776517812914,-0.015572191290015934,-0.0006910997919985131,-0.019765391519408534,0.059424575165242036,0.0030179145489933417,0.01130593929863395,0.06276886493894783,-0.037016517591748926,-0.010455676625182533,0.05408019360388178,0.0008830465902111118,-0.011964146748223362,-0.047113841550069716,0.01720355325333458,0.03479888630686186,-0.002974599339577108,-0.055091924471009295,-0.001902680008009958,0.04499606961956563,0.006425785253414231,,,0.0010543904655123332,0.036190702269719946,-0.02867674848286041,-0.0011961516222076197,-0.030500395520679395,,-0.02054167347856145,,-0.03387494847672331,-0.002994131636120177,0.002606440713160668,-0.008899553381386784,-0.04033907317354866,0.029168768368724948,0.05116025188988508,0.03576151969568617,-0.017859184375300086,0.007837459504638853,-0.04181789949168744,
2010-09-01,0.030942272589806977,0.0245088624727008,0.06553573100903154,0.021449159479224288,-0.0035708217179194236,,0.009312969639430124,0.023071506514820383,0.05009515074244215,-0.002790979708624264,0.024118598967182533,0.04228706134418174,0.04558880180748463,0.03455540027987201,0.04593930552215981,0.01766345927162217,-0.007810615590791499,-0.028588211562002183,-0.017067060018789618,0.012391792583418841,0.049230543341936855,0.023556103679758834,0.05833052866647236,0.008421283415742681,-0.04636303933715585,0.030135387843558112,0.0607019036382066,0.02021793728765943,,,0.03192752177630337,0.08154368232586337,0.01743206957610327,0.019866359349254056,-0.014591305155746147,,0.05880084129643623,,0.007898620553739603,0.011368658109473606,0.012955231321814847,0.022735252678692638,-0.012580625037378963,0.08039029423095587,0.028218900775723515,0.02014998734375086,0.02314022452437069,0.0010274856723155761,-0.0014894801860910307,-0.06393852958572604
2010-12-01,0.036592504007713515,0.03306888816077803,0.08681747905804041,0.03467279894562178,0.017295713791696067,,0.017039582200669336,0.03216973314430512,0.03889743155292731,0.00033974933702489365,0.0243402818695326,-0.01985279401600657,0.04090750692786507,0.03324834239917905,0.03723755665892134,0.018184820231048112,-0.010186404517743206,-0.026677005769089032,-0.019960097842119943,0.033283584138872585,0.04277318750368398,0.03763545994497399,0.05979913077982385,0.020051408526958758,-0.010475714626772503,0.0627274006071969,0.02849264217938986,0.008374338890142973,,,0.04158555443744271,0.025490425678627207,0.009773138231331935,0.03563495063373254,-0.002674142719904828,,0.059140662133619994,,-0.0022152086692796944,0.014166818919763267,0.0017310892253790313,0.048984820604579496,0.0054171088475842965,0.08923527028190772,0.027293339045137817,0.009978985924990693,0.030714039232138585,0.014337145082978625,-0.002688685419802636,-0.014023457296940047
2011-03-01,0.04836434857297111,0.0024013749106510844,0.05188380359890129,0.019422266244844447,0.018892876338220475,,0.0016673577325169266,0.02111781708115334,0.03098707818212971,0.0036779631935213567,0.020990288250985888,-0.019462498347174298,0.042878961349149786,0.06678897988237063,0.04601073104419436,0.030802975267361504,-0.014889634259465606,-0.05275176315839269,-0.010030126053702461,0.040564904598882734,0.029519487373662622,0.022773880140749114,0.05597004846546081,0.012783007623366151,-0.004317133671466585,0.03728595359773169,0.04899742364035693,0.017260702660651713,,,0.010641471490664389,0.023610132226315222,0.0203423830315351,0.0266429799882178,-0.0008194823288811985,,0.03826376300846767,,-0.0016891996049086216,0.02314748386009052,0.008424157105500499,0.04564226636371216,-0.00014780614822166481,0.08085607878977115,0.03060846446217117,0.008587586767659576,0.026036345531915136,0.0006640879400417786,0.017486934421837772,-0.04075786134562605
2011-06-01,0.048680538396992094,0.02193696594853833,0.06358493938622388,0.021404045974585884,0.021981580731605704,,0.020520362735406267,0.04771646610283034,0.03359464477018341,0.012027171048006033,0.03642630382116746,0.04830214815027801,0.048244683594934556,0.032761277530201804,0.04154467323779423,0.015461012527271079,0.009771474284599459,0.007765730020935665,-0.010048232673276343,0.04160374056435968,0.05427194313715682,0.03294692093530377,0.06938953195814271,0.032740811340120225,-0.012862149125786804,0.01415157238053293,0.0303508675433941,0.024857485797121753,,,0.008795409884092211,0.05610458665512996,0.024819126387261324,0.021043745876299508,-0.008860192098574587,,0.05138907110017735,,0.008108767795999028,0.02922893385046478,0.017635180979992095,0.04917792134779313,0.01584083315253915,0.090885462827998,0.030074394151477165,0.025350457867072594,0.03679547060553439,0.005380762250462881,0.003120430680272808,-0.01965088876675611
2011-09-01,0.06011580944403506,0.03373520382241164,0.057155147369336315,0.017228888176269642,0.004184123046281892,,0.02187353346328822,0.020865077584610415,0.06432928305234295,0.005063939195413408,0.030092677035984526,0.01106721200720426,0.03846800715057005,0.030595234694237375,0.0403742121318886,0.016210329141280243,0.005141185550505268,0.04283020263061013,-0.001363429917723795,0.02465729631504351,0.030131566282649923,0.02107514146001907,0.06527609265504332,0.01093890088325788,-0.015013012462945795,0.031701060723141175,0.042535713997838454,0.01830220701770924,,,0.018161938444373103,0.06053670203426496,0.020308704954591562,0.00602882278812092,-0.00045250507241090954,,0.022474677836042786,,-0.0012611378962815497,0.013186787037457976,0.003113226551074592,0.041388026659684565,-0.010526498730835075,0.06799355379017108,0.014092772028394011,0.025261611904006286,0.0384811197488892,0.0015208323105595156,0.003781638556068998,-0.0010270948272411912
2011-12-01,0.055402489746711005,0.03429743708746541,0.07023433951836244,0.027766578216954923,0.03406322202198762,,0.02780774128998178,0.035104583209324774,0.046266306478125775,0.01704990326869058,0.03158178243090719,0.006037028372847775,0.044307071687544844,0.04346518001757671,0.04740851228932803,0.03302944916890824,0.008400147168860214,0.07812222577781384,-0.005043303153939451,0.04232666204963846,0.04753536340350263,0.049215297874222276,0.05690975716665988,0.03810080712659192,-0.0299693048910963,0.034734183503867845,0.03772673210698078,0.022362258186146608,,,0.0333324832325903,0.06382208663882255,0.022272466815875278,0.01641345871221092,0.016848544682515714,,0.03649507547004518,,0.029773875095461203,0.0321379403725875,0.029001159105694452,0.04521447202506107,0.029042989781997704,0.08093497344173745,-0.0007265720428662564,0.034170142544131005,0.057923960092936336,0.023891577985925002,0.016298573816365538,0.034186606611115306
2012-03-01,,0.04916994643114486,0.08015505696793868,0.03337991413516905,0.054895031493938526,,0.03110237476839271,0.0262929781604648,0.046046177529569875,0.027180678094235446,0.03108076819051386,0.04013654902883057,0.04796577575768543,0.07910671601672348,0.05617705784146869,0.023938444734113058,-0.009420059398026181,0.1153773503218783,0.004032219235807775,0.05795811829257171,0.03701553224948962,0.04478885078234188,0.05988061286823555,0.06776180668924173,-0.011039245927740303,0.07426575394356813,0.05323982453549043,0.03446063077335865,,,0.023442055783972512,0.07334149643230237,0.04813211940669383,0.05773373837420095,0.014083015363960692,,0.06327430492197182,0.08293688794742714,0.04938742599201937,0.03907423502203476,0.053712095340883136,0.0610246508220493,0.017980308130273116,0.0629421193011892,0.0152664253060999,0.054456572094053336,0.07919522731700643,0.053801872361300615,0.0534672713546411,0.07005181961608947
2012-06-01,0.07790413930703056,0.030669598378382824,0.07037366991103283,0.03512661219923269,0.05970991462372935,,0.03881683051363975,0.03152152214896022,0.029116687269580763,0.0303041336535566,0.040683148193655275,0.02595810909166286,0.04683724789988716,0.05829316331180678,0.053286368783234284,0.028974483625243665,0.008719226397029893,0.07129233130838487,0.0134852274032569,0.0548799033067299,0.03615190850169875,0.05001130893071011,0.05234691067319765,0.02350916216343944,-0.0457432618567145,0.06962073430390675,0.035726861446449404,0.05717930191934705,,,0.021441058493918766,0.09264427578048526,0.03543921100257253,0.05394699711228704,0.024120735596675397,,0.04558229813211421,0.05114762426510245,0.05860752384571167,0.02730346040662186,0.05377229707246729,0.05888282746518321,0.04717296876145307,0.0630322387728576,-0.028083789925960893,0.05026412964829955,0.07338420192200248,0.03808917190839177,0.0448926888700109,0.04742710876276845
2012-09-01,0.047425645896409456,0.03525064969921276,0.07556926887406015,0.03183173440038042,0.01530583978483638,,0.031226722395083607,0.01654684641365366,0.04331052203020759,0.02993769923980514,0.024381491184031743,-0.0052659598371573154,0.024865653477429785,0.03605272052124926,0.03939325063099914,0.016977470747239584,0.035497847307170656,0.12570947478411246,0.03351554135637174,0.046115812125635494,0.02892401696411327,0.04485074585640033,0.03252309782477149,0.07322625328287213,0.007820709776247253,0.06255616076326333,0.030764845257538403,0.028317261386188224,,,0.03101520762174038,0.05308114191091852,-0.004221777010503449,0.03752699112957014,0.022519167865086922,,0.02098069643083197,0.03266278766804306,0.07030365488552728,0.024548726255527755,0.03083562423564085,0.040821324790169915,0.050171540772303125,0.03580768659564053,0.0021909581840327055,0.03863841577064033,0.00038272350585781263,0.04956787158431858,0.03912306646015118,0.034898439855409115
2012-12-01,0.039192721247673035,0.037570808082818985,0.039192721247673035,0.033245380967855453,0.025195110589265823,,0.029988868162035942,0.033245380967855453,0.029988868162035942,0.033245380967855453,0.03204856812953949,0.031184645369648933,0.03593285381793976,0.03204856812953949,0.03204856812953949,0.025195110589265823,0.025195110589265823,0.03562922030687332,0.025942746549844742,0.025195110589265823,0.03743244707584381,0.03204856812953949,0.03204856812953949,0.04827169328927994,0.022955022752285004,0.03562922030687332,0.03204856812953949,0.029988868162035942,,,0.029988868162035942,0.025195110589265823,0.03204856812953949,0.033245380967855453,0.033245380967855453,,0.029988868162035942,0.033245380967855453,0.033245380967855453,0.025195110589265823,0.033245380967855453,0.027458276599645615,0.029988868162035942,0.033562641590833664,0.004701822530478239,0.029988868162035942,0.03204856812953949,0.028139770030975342,0.029988868162035942,-0.0804177075624466
2013-03-01,0.034409042447805405,0.026340678334236145,0.02122647687792778,0.028999462723731995,0.028999462723731995,,0.028999462723731995,0.028999462723731995,0.028999462723731995,0.028999462723731995,0.028999462723731995,0.0262853242456913,0.03667423501610756,0.027751797810196877,0.027751797810196877,0.02122647687792778,0.02122647687792778,0.011568623594939709,0.019762838259339333,0.02122647687792778,0.03310725837945938,0.028999462723731995,0.027751797810196877,0.02122647687792778,0.019274603575468063,0.03310725837945938,0.027751797810196877,0.02122647687792778,,,0.028999462723731995,0.02122647687792778,0.02769644372165203,0.028999462723731995,0.028999462723731995,,0.028999462723731995,0.028999462723731995,0.028999462723731995,0.02122647687792778,0.028999462723731995,0.025360936298966408,0.028999462723731995,0.02769644372165203,0.0156320258975029,0.028999462723731995,0.027751797810196877,0.026861315593123436,0.028999462723731995,0.04287474602460861
2013-06-01,0.038599368184804916,0.03099057264626026,0.02279975637793541,0.030851591378450394,0.03333434835076332,,0.030851591378450394,0.024151191115379333,0.024453498423099518,0.030851591378450394,0.030851591378450394,0.03099057264626026,0.030851591378450394,0.029326729476451874,0.027882805094122887,0.030851591378450394,0.022038685157895088,0.035027191042900085,0.02592437155544758,0.022038685157895088,0.034770574420690536,0.030851591378450394,0.03099057264626026,0.03695504367351532,0.023811865597963333,0.03785604611039162,0.027543671429157257,0.025978360325098038,,,0.029326729476451874,0.025978360325098038,0.021026872098445892,0.030851591378450394,0.030851591378450394,0.028461122885346413,0.026911916211247444,0.030851591378450394,0.030851591378450394,0.02007739618420601,0.030851591378450394,0.029326729476451874,0.030851591378450394,0.03099057264626026,0.02592437155544758,0.030851591378450394,0.0810507982969284,0.029326729476451874,0.030851591378450394,0.03186199441552162
2013-09-01,0.05864029517680942,0.027289156125909538,0.04271286195722564,0.023883265196661584,0.021929458677075204,,0.03913675556244697,0.018644685719053845,0.017309102102951345,0.03631423451725618,0.04580436410265461,0.031126795974740072,0.05202912281569087,0.03398475875382151,0.052709055204297826,0.024573006287792118,0.03552429849896247,0.025543486365782738,0.014919736030163073,0.04435878836413194,0.049760973009460516,0.04355053541171791,0.045413877708020786,0.01982730312326665,-0.0035203178390079853,0.007451070742491572,0.04289425440447193,0.010208980776970095,,,0.046152685878804195,0.06554081100984853,0.01677609912593395,0.041806050221741005,0.007858920360915497,-0.021461397760968278,0.0214979602284739,0.03655216466904188,0.046295200394001125,0.006189457386440822,0.05568998592469377,0.05555797971462261,0.0333648674887376,0.03843754823492364,0.01102628944817283,0.02478855254740285,0.06945068172333947,0.03553572028218062,0.0463290760891443,0.0648773036747312
2013-12-01,0.044781717680222176,0.08017150181080043,0.00046264678623752055,0.03102887778869676,0.04647570594271714,,0.04911969657191138,0.022402491419486567,0.02872052317060022,0.03857168705962101,0.03050359805554888,0.06865477632363225,0.026198017297179292,0.02800576710687826,0.03560938975509576,0.04265242537489736,-0.015590850352999234,0.05355142115805394,0.035456860986508444,0.022052127925293277,0.06694346757327087,0.010616285233070826,0.02184296780577954,0.06378177178671293,0.024044967261053353,0.04933607663076483,0.028131137241412345,0.0002633139892883092,,,0.03566112853572492,0.019192816637206032,0.020523853488525593,0.04032341236863798,0.015365471890409365,0.003102803632556679,0.023715418900683502,0.02960611331745622,0.04397690806489834,0.03838628833349197,0.04166932926121028,0.03543083513643693,0.00918524495315925,0.025873647882938087,0.009532436436569657,0.026538789301200353,0.08532483395790764,0.038629124654538737,0.028798977246150163,0.027957408160995994
2014-03-01,0.09836817921733665,0.04998349446065576,0.06372182648227381,0.019423293412510773,0.03165095574668387,0.010873900091995282,0.024822952069930557,0.005127136255761737,0.01835928401706398,0.03062226272480233,0.035028931378925425,0.05939074970481535,0.05174784091809569,0.05337977582607333,0.05903823952294804,0.03931784629154293,-0.007582008988425891,0.05051498521203672,0.0024241794557082518,0.02990688647878429,0.053269486287729303,0.03192101723276009,0.037206564332395546,0.02142878531920107,-0.010365343129083583,0.08238920471375072,0.04170857708758674,0.024039323790559446,,,0.01410068820172146,0.05391110749088038,0.04410492422921552,0.0503129730905201,0.02023563178458452,0.024173355159800344,0.026253448182979797,0.032218283309270374,0.04171465548077788,0.018745889483788945,0.0475733085666008,0.05217561162602489,0.02949989603198787,0.02654565034548051,0.018886677516542463,0.026809319270658206,0.05196783096743478,0.054116142756548975,0.05848587385805623,0.035005345061148614
2014-06-01,0.08363405995308365,0.04634232450362386,0.039049831985870725,0.018813249280870345,0.01746925852000851,0.01511286504770391,0.03145818351827086,0.028221434240383824,0.020671371658756554,0.029084624016785576,0.030267304396246374,0.03683043350938602,0.049290671834001515,0.03085493297746509,0.04109529218834803,0.02842185268357521,0.003779782638016777,0.06443760059878845,0.02462897042204853,0.022609940377028032,0.06279471685252197,0.040542303717493254,0.033837222940058316,0.01043230486331164,-0.010090790962009781,,0.02989707467734886,0.03410718030752473,,,0.012401722845759133,0.07096421377783362,0.023223917732253425,0.03514272313644223,0.01818572581512317,0.026189052348454006,0.0457476070998676,0.035709155168826535,0.0306610383793454,0.005928549087175011,0.0421975475209359,0.028422114647454012,0.029914737084561646,0.05420762249175233,0.011104871014075085,0.028107080997544442,0.04981793023443868,0.015375893474206917,0.04130211290765396,0.03830381724029682
2014-09-01,0.061416459694371615,0.04603654440114336,0.04154689607644287,0.0365852567937516,0.020750782342632498,0.03530734625451389,0.050006556082214236,0.024404476212506975,0.03113796968961641,0.043815859583911126,0.0391515181915574,0.03501584786085696,0.05964617907323773,0.033535232680599845,0.0601309303833539,0.04091599702219847,0.04869094403733604,0.06970278307481859,0.013118265982499714,0.03754517387611604,0.05323465374722775,0.06043930999767847,0.03811390618665235,0.019697682457515655,-0.018445573014179095,,0.05877164338779174,0.024570490087568033,,,0.04631626259369471,0.05565843055275495,0.024598961401203365,0.038480186136247506,0.024451180353600603,0.05998427924324773,0.008149029783508673,0.04290572280355292,0.04504770144080618,0.020738831582782537,0.04076726536960544,0.038848380790498814,0.0361126693212683,0.058944833386314385,0.015758117958827974,0.03451633105524197,0.05687369223210317,0.03321911667511245,0.04523000799263429,0.05450236162487192
2014-12-01,0.03194613382220268,0.035580944269895554,0.029258454218506813,0.032438088208436966,0.03192944824695587,0.02876650169491768,0.03194613382220268,0.03192944824695587,0.03194613382220268,0.03194613382220268,0.03194613382220268,0.035580944269895554,0.03194613382220268,0.03194613382220268,0.032438088208436966,0.032438088208436966,0.03192944824695587,0.0322546623647213,0.026685034856200218,0.03192944824695587,0.035580944269895554,0.03194613382220268,0.035580944269895554,0.038675159215927124,0.026685034856200218,0.03495229035615921,0.03508898988366127,0.032438088208436966,,,0.032438088208436966,0.03143749386072159,0.03162599727511406,0.032438088208436966,0.03194613382220268,0.038675159215927124,0.038914985954761505,0.032438088208436966,0.032438088208436966,0.03192944824695587,0.029275143519043922,0.029767096042633057,0.03194613382220268,0.029275143519043922,0.026685034856200218,0.03250255435705185,0.035153456032276154,0.029339609667658806,0.03194613382220268,0.03162599727511406
2015-03-01,0.07531092566661149,0.03375241859700972,0.07077414650876176,0.023883351752171628,0.06273407945023851,0.027932508571319663,0.018922121210402373,0.023963832056888696,0.02359616429378759,0.02981691243987821,0.02798582861451414,0.06205608697302436,0.04634265165305962,0.0617076180450582,0.06395107902415256,0.05597431170055888,0.008365455731185101,0.05118112492651011,0.00899817872184031,0.03397045979084392,0.05187142318229763,0.04966661334603791,0.03334666770419045,0.02122952579998044,-0.009328229500913929,0.07578977216550124,0.039054889823850865,0.05744377438144708,,,0.017381660863637117,0.03288639894607239,0.06059718144508792,0.04950436836153707,0.012306236838392073,0.018942225510488502,0.054389907609468935,0.04926455528003595,0.045233095620507265,0.016830000084439183,0.060256279354014106,0.048054531552420066,0.028832365663346862,0.05544521956509816,0.012904734385683191,0.05907440463689838,0.0570420163897526,0.04949507795396021,0.04823342471836977,0.04324294706185379
2015-06-01,0.04588126233137442,0.036594249256643153,0.053217732872884345,0.02038378278795228,0.029635564029959986,0.023857168600679865,0.017642977693991656,0.030706245525132122,0.015296479403275116,0.021696913214466554,0.033489366252769624,0.03417341931951881,0.042848523054548886,0.024549741605129852,0.03561549302066956,0.03579906964984399,0.00884202786065886,0.10317148161795159,0.01262662371179956,0.008406742442278698,0.0438891085215122,0.02742121150880771,0.031082349205371885,0.00810088429893945,-0.010401899407688413,0.0565327590625575,0.024426660576723422,0.04662878028716268,,,0.011225041385948995,0.04413409486616438,0.024173901778761143,0.04570665411657306,0.012213694217859828,0.009775273952637924,0.04279792331118856,0.022158248229556407,0.04616633763644371,0.006729338092795193,0.04865743215411429,0.024007481077218472,-0.023215880733644886,0.05919157884054742,0.00905322194840756,0.03049383562934506,0.06683325678515814,0.03281798398294237,0.037813481848987154,0.03825729618793685
2015-09-01,0.03332478553056717,0.03633181005716324,0.03332478553056717,0.03332478553056717,0.018354548141360283,0.031770069152116776,0.03332478553056717,0.03332478553056717,0.03332478553056717,0.031770069152116776,0.031770069152116776,0.03633181005716324,0.031770069152116776,0.031770069152116776,0.031770069152116776,0.03332478553056717,0.03332478553056717,0.03633181005716324,0.017170585691928864,0.031770069152116776,0.03332478553056717,0.031770069152116776,0.03633181005716324,0.031770069152116776,0.017170585691928864,0.041207510977983475,0.03633181005716324,0.031770069152116776,,,0.03332478553056717,0.03332478553056717,0.041207510977983475,0.029044725000858307,0.031770069152116776,0.031770069152116776,0.031770069152116776,0.03332478553056717,0.03313213959336281,0.03332478553056717,0.019716618582606316,0.03332478553056717,0.010162540711462498,0.031770069152116776,0.017170585691928864,0.031770069152116776,0.03769388049840927,0.03040679544210434,0.031770069152116776,-0.014651020988821983
2015-12-01,0.020783496683876176,0.014083572202037275,0.022493918900792994,0.03675742053000395,0.04355851126250494,0.027907170243472633,0.02464058762469873,0.037255422259589624,0.023883436764678474,0.030262182821705272,0.004888970911735081,0.05548069815732034,0.01850177893942515,0.028766512228007676,0.022289968227881134,0.04097375865482404,0.018726087223843106,0.06501582147370254,0.010283587424889476,0.03148015469135529,0.06346397285412599,-0.0015784510059603301,0.03525622516541318,0.03178037827199208,0.014292889699833397,0.08589970128938196,0.02303691973372067,0.026435099033192903,,,0.027879588645803484,0.023352206628830207,-0.004177556388580521,0.0404075019268762,0.02430008911945977,0.07106674038892727,0.025086216834055475,0.0334513476832019,0.03305670401222386,0.016600129619458334,0.04858955101606885,0.04125025431543381,0.03078416167279676,0.028934303278212534,0.04547509828614314,0.0359930725557536,0.07851676647823208,0.03440045906013469,0.03028846971670853,0.009248682746707182
2016-03-01,0.06060705137358127,0.011257986960012059,0.021810285129732324,0.03604928969824647,0.039492986532350276,0.032665511912834934,0.015518798109957136,0.03142155611944784,0.011376700027838055,0.047895697103669595,0.023152469450097583,0.07320701071132037,0.03178276010249362,0.07564586108788833,0.043779470622416744,0.05326794684851392,-0.003316481794319058,0.12383123610804228,0.04966750143571152,0.03344269831826271,0.009419314608360596,0.0013920335232774632,0.058009288566507354,0.021572692156824388,0.048885719677139054,0.13441741919545025,0.02713173000791475,0.04360634818858182,,,-0.0039040173121867973,0.0457412405117641,-0.02020523279015922,0.04558590685275082,0.014938552803093747,-0.002301195208288389,0.09537928107635925,0.009837531544694796,0.023757337843193643,0.026352799876438786,0.06706935712497376,0.03985132513489004,0.02735510573812049,0.037612087571025486,0.046881183003373954,0.03982289784419955,0.052558699608623624,0.05657569044227916,0.034568277532474295,-0.037013183224131885
2016-06-01,0.041483621645089355,0.015605753896258984,-0.027332403103144987,0.02163596314126815,-0.010204372070596265,0.01609832931701175,0.028494190257680567,0.046827312957109436,0.007300756741453557,0.001491439567576319,0.034013118841709655,0.06401735588067807,0.032571568586608854,-0.00476713660150229,0.03428493079823024,0.03164217163140191,0.031291153151679255,0.11162910928305735,0.04945755495363527,0.030152271457793263,0.04031627570409346,-0.013481297921295297,0.004375074021831288,0.004746741749828271,0.05090204800793808,0.048843536399749275,0.01378181338353911,0.05041515331737145,,,-0.017366380571918666,0.048430401021075,-0.013501281816470458,0.017847609894035086,-0.02056650927252836,0.017682357905462773,0.13912732786552842,0.037068165146765523,-0.012984195399752069,0.015197706346005617,0.06362194257026833,0.019786062258342584,0.04854034015011803,0.0061998490431931265,0.06260510367412706,-0.0057331835731014,0.0068254246303701555,-0.03091350510077937,0.028525094100745975,-0.000750347973248432
2016-09-01,0.04214352714248911,0.04129545242344687,-0.017039450124728982,0.026015320334312173,0.020032530848586933,0.015631345356765823,0.040581294523577664,0.04707777910742614,0.03402342030337647,0.00414034448400241,0.034778084786936586,0.04342677271650559,0.03443379393786756,0.032625123240219774,0.0350705758844912,0.024973808805328495,0.05689250738811777,0.05768264279543691,0.053245198416518334,0.03951919462357933,0.06233897358407198,0.009469341344576807,0.01791765854007489,0.04124100244872375,0.05127851001045421,0.09066843794817245,0.04913255726680053,0.04473584809058124,,,0.038033164232377986,0.026471985134264152,0.012728663752669539,0.03690978111753961,0.06029439643140137,0.042948953692551764,0.10689167320685576,0.04082519154019269,0.004018376458993946,0.0069603154138058974,0.05585976830316786,0.04262414250491897,0.03278227080919688,0.03608154046857795,0.06429201739277458,0.014349216031849932,0.06812362800559045,0.0038449276922203797,-0.022901521701404276,-0.02973881705679318
2016-12-01,0.05727982102552814,0.02950945108254401,0.025097980351439637,0.024306505987715183,0.040019641268647495,-0.007721784600603613,0.02942287994121078,0.05022186502543592,0.024707297523989553,0.051463865535308524,0.038614280604058526,0.05734894266836329,0.032294529848614056,0.07468542927069237,0.03538654085765642,0.04690001013677863,0.04159579040952904,0.08782968876560786,0.04683453119184239,0.037802899014120345,0.06983490886253949,0.01698272668300642,0.030141648730689495,0.04537815419016587,0.005185489456866764,0.0762423477811481,0.04618316088602116,0.026833011148724335,,,0.03299117178163446,0.0282270009801502,-0.010644804298189463,-0.0124777121797625,0.04395108304336707,0.05581036551067606,0.0014370200540331595,-0.03486707005740171,0.006155712344551257,0.08690152537434881,0.04488929888508579,0.03189162014775669,0.03521286663525188,0.025888962833370954,0.0419775049811525,0.0001344117539320553,0.0939428920742119,0.022746574957147117,-0.025510369527612126,0.009167797331208224
2017-03-01,0.05970315947671248,0.04878234959262057,0.03445307047588361,0.021175896795323664,0.04210967416711506,0.006412119215326802,0.021741043171033134,0.012618717913815483,0.017730100991727293,0.01746114776235705,0.037766597631212165,0.06583682092099527,0.04103241275692272,0.06970415159496855,0.05287843308516429,0.05274936028779049,0.01649540614716491,0.045258837164049874,0.0060854395916642885,0.03392967522338973,0.052625530776284055,0.01503427611520539,0.03310250060596915,0.035217632674246574,0.01977632710488533,0.07518363131900818,0.05884943634711262,0.05166501498608756,,,0.01314257780419519,0.04201067114848196,0.01926652074894389,0.050570649370310125,0.016761338780879684,0.034975377421579606,0.0484478093692079,0.02106665009646978,0.023687582980640914,0.01572345793134154,0.056858635818555464,0.034850195832937796,0.042312646175660495,0.038879317482722005,0.014113996057645205,0.02581747120268856,0.06104803850794929,0.05696050504050414,0.030699895763210954,0.03077636908297554
2017-06-01,0.03810646394005453,0.05611545262779356,0.030743484204457414,0.01910049221063846,0.004050872818786239,0.009404419708549322,0.026305546373477973,0.031164401959921643,0.008107126038109359,0.016684765356425955,0.039630920674998175,0.03366981592140094,0.044244386381095985,0.03335827962310358,0.04170284624810516,0.04622189320782194,0.01975446486846201,0.041059102584203824,,0.03309788516586219,0.05130067215475073,0.013781545501813474,0.030480638271340888,0.017714619597910774,0.013982836172104045,0.06878077558335668,0.04278985386672949,0.035528208534182044,,,0.003682370202080831,0.03976340729637675,0.015639928822559403,0.04026316604197064,0.004190894870924488,0.022119865268049474,0.025060432226707348,0.014399916779502657,0.016550622884738308,0.006600698517724914,0.04241794772373188,0.03494525142652519,0.028540317393904713,0.05433046118807962,0.012027689487178445,0.01974886434588683,0.05748951946848456,0.018090809015014846,0.021685809787999336,0.029438853250616168
2017-09-01,0.027403254061937332,0.03149936720728874,0.03047756664454937,0.03047756664454937,0.027403254061937332,0.02879638411104679,0.03047756664454937,0.03047756664454937,0.03047756664454937,0.03298431262373924,0.027403254061937332,0.030601635575294495,0.03047756664454937,0.030601635575294495,0.027403254061937332,0.03047756664454937,0.03047756664454937,0.027403254061937332,0.030674252659082413,0.03047756664454937,0.03047756664454937,0.027403254061937332,0.03149936720728874,0.03047756664454937,0.027403254061937332,0.03149936720728874,0.03834720700979233,0.027403254061937332,,,0.03047756664454937,0.03047756664454937,0.027403254061937332,0.03567418456077576,0.02481936290860176,0.03047756664454937,-0.154765784740448,0.027403254061937332,0.027403254061937332,0.027403254061937332,0.027403254061937332,0.03047756664454937,0.027403254061937332,0.03047756664454937,0.0423365943133831,0.027403254061937332,0.037449464201927185,0.027403254061937332,0.027403254061937332,-3.855067188851535e-05
2017-12-01,0.03887462739092606,0.05648625338985383,0.008284822184237746,0.01932127437537795,0.04296336286911,0.0332795188995923,0.023302592336751356,0.03951805047971628,0.023566500856917524,0.015370214284236154,0.01572434018339951,0.03844115517971449,0.03734313111703789,0.0563682488822505,0.05895117798622785,0.04694215286023768,0.015447949772880568,0.03536607266952001,0.00869675513582806,0.03932060849442864,0.04714677950148041,0.017150906927186182,0.042551835634031185,0.033617475669056526,0.015990662418318202,0.07185618424324891,0.05169302424172154,0.0250640485984245,,,0.02481321331263398,0.03852497199257285,0.017495714107111083,0.07118555799571524,0.01615477459901967,0.05581650574048855,0.03653785026934485,0.024901623323605678,0.0378934693843381,0.03774294073804922,0.02194526951744991,0.028149989535795485,0.021244981990774608,0.03034665504066587,0.0058735634665782665,0.0156702298397408,0.08029861343304236,0.02964596359552928,0.02366746229478534,0.02086806587135902
2018-03-01,0.03937646393574005,0.033269583246541376,-0.03669370630226709,0.0236147184935796,0.046719715761704556,0.025292178722056132,0.04682632590444456,-0.005812580102502786,0.01663954789362412,0.030581369316280638,0.026508554993409907,0.012644426675937303,0.03986981471458234,0.05470511883411352,0.04111771234457187,0.028992085851355816,0.003701765321150721,0.06515586634229646,,0.03084332289842042,0.0029915652810295706,0.036607307507283145,0.03479911380307351,0.016512037723505752,0.004529906712410658,0.08399209787407551,0.035320631456995946,0.043729364473859056,,,0.0026430777190314656,0.020897193865663476,0.03883622560447567,0.10239648294339122,0.032800271833001396,0.021156736875610083,0.03788268110509361,0.020804984897300136,-0.03614550078591085,0.01600003222945698,0.008159338393824154,0.020449950869053914,0.06839499325762936,0.02925071797300387,0.04012005826031718,0.03115126666804924,0.09344582634059709,0.06186710119331834,0.04283612991480255,-0.02056202329050937
2018-06-01,0.010313887738803571,0.02453360313161732,0.015209960952905135,0.00973365965285389,0.011695417252820212,0.013638965600568834,0.03994562721767891,0.028794234596526004,-0.00022743236649609726,0.03695091971376259,0.01988068123279236,0.019822553141439974,0.026434265794761158,0.04429307110251675,0.026354075096246068,0.04736348068572562,0.027108458590654808,0.009065299373999549,,0.025856552269374746,0.05225466841521895,0.02414080410875832,0.05155198378503315,0.01129891198191908,0.008880072934953319,0.08131227099488329,0.03409483919787905,0.04581871461396919,,,0.0021473279120743658,0.04472759189831599,0.015725153799361,0.022272057123155553,0.03753749485485287,0.0012070197572095437,0.00978958344786455,0.018426351848517514,-0.04954375388437616,0.006274439952827591,0.01508500005632241,-0.0066297958600168945,0.004446210128306311,0.012723114906226931,0.04653038239715405,0.021105683190077166,0.08954606842794119,-0.023396547872073053,0.028091632902868157,0.0012058091043161663
2018-09-01,0.021457648720822457,0.016389610985014,0.03226397122552582,0.028355104716103502,0.047419705224529436,0.033907409042909606,0.04536231514086068,0.04922500145711147,0.011578486872371145,0.046433966780293705,0.008698423309541223,0.03922325666741848,0.016683358608261437,0.011479271172858558,0.022325301657195457,0.04409699348614816,0.04747569442092608,0.01588768981900466,0.04557733159842186,0.03133359918893367,0.06566575122744257,0.03760517315971219,0.01766727078655922,0.03898488083764056,0.03381812435828106,0.06292682398301871,0.07129187878712945,0.020772369851257445,,,0.025932051548741432,0.04460006675390509,0.01272545100855471,0.0442520545085301,0.04038927942042991,0.044150371715046016,0.0814739312485787,0.023334064982026136,-0.021384719363824783,0.05844922881023009,0.0387814610298504,0.030150599317583505,0.05180291760497701,0.031479285220977635,0.023659454269119095,0.019675455922206455,0.034862551205789995,-0.029551769195540346,0.04169250993400364,-0.03126883568726556
2018-12-01,0.034384336322546005,0.07052146643400192,0.034408606588840485,0.034384336322546005,0.034408606588840485,0.02766716666519642,0.034384336322546005,0.034384336322546005,0.02766716666519642,0.03923749923706055,0.02766716666519642,0.034384336322546005,0.02766716666519642,0.034384336322546005,0.02766716666519642,0.034384336322546005,0.02766716666519642,0.02766716666519642,0.03923749923706055,0.034384336322546005,0.034384336322546005,0.029215354472398758,0.03284678980708122,0.034384336322546005,0.02766716666519642,0.034384336322546005,0.02766716666519642,0.02766716666519642,,,0.02766716666519642,0.034384336322546005,0.022899433970451355,0.03622763603925705,0.03923749923706055,0.034384336322546005,0.034408606588840485,0.02766716666519642,-0.06392945349216461,0.034408606588840485,0.02766716666519642,0.033163540065288544,0.02766716666519642,0.03284678980708122,0.04346910119056702,0.029215354472398758,0.03660018369555473,0.022899433970451355,0.02766716666519642,-0.029284462332725525
2019-03-01,0.03733981028199196,0.0863557830452919,0.03733981028199196,0.03659314662218094,0.03270693123340607,0.03270693123340607,0.039831072092056274,0.03733981028199196,0.03733981028199196,0.039831072092056274,0.03270693123340607,0.03800953924655914,0.03659314662218094,0.03800953924655914,0.03659314662218094,0.03733981028199196,0.03270693123340607,0.03800953924655914,,0.03733981028199196,0.03733981028199196,0.039831072092056274,0.03337666019797325,0.03733981028199196,0.03270693123340607,0.03800953924655914,0.03726287558674812,0.03733981028199196,,,0.03270693123340607,0.03733981028199196,0.03270693123340607,0.03733981028199196,0.039831072092056274,0.03733981028199196,0.03800953924655914,0.03733981028199196,-0.07379313558340073,0.03270693123340607,0.03733981028199196,0.03733981028199196,0.03733981028199196,0.03337666019797325,0.039831072092056274,0.03733981028199196,0.03843878582119942,0.032617028802633286,0.03495235741138458,0.03337666019797325
2019-06-01,0.040055207908153534,0.076610267162323,0.035615768283605576,0.0330834686756134,0.0330834686756134,0.0330834686756134,0.04716244712471962,0.04038694128394127,0.0330834686756134,0.04716244712471962,0.0330834686756134,0.035615768283605576,0.0330834686756134,0.0330834686756134,0.0330834686756134,0.04038694128394127,0.0330834686756134,0.038881294429302216,,0.03528403490781784,0.04038694128394127,0.04716244712471962,0.0330834686756134,0.0330834686756134,0.0330834686756134,0.0330834686756134,0.0330834686756134,0.04038694128394127,,,0.0330834686756134,0.04038694128394127,0.0330834686756134,0.0330834686756134,0.04716244712471962,0.0330834686756134,0.04038694128394127,0.0330834686756134,0.00990337785333395,0.035615768283605576,0.0330834686756134,0.0330834686756134,0.0330834686756134,0.0330834686756134,0.04716244712471962,0.0330834686756134,0.0330834686756134,0.0330834686756134,0.0330834686756134,0.03082265332341194
2019-09-01,0.01632772984560411,0.029330265818088595,0.028781472406993323,0.028139193248723694,0.006911947250978429,0.03892123425128403,0.03927421985776696,0.09252161650862349,0.03832833895039405,0.04139511707037943,0.029270522107068597,0.04333455143141476,0.03064672887920385,0.025195444675489436,0.028712534093570954,0.056244936790520075,0.05908840692584558,0.10588756805405629,0.04300817213624655,0.048666392772187546,0.10099098522354653,0.03782787466625469,0.041873828572470725,0.05473220918273644,0.02061451623241612,0.0005029670243580963,0.06136114617057715,0.028141031972082287,,,0.03875948251182035,0.061925804697466405,0.01847694827355064,0.03711838518250937,0.04289792809274837,0.05206795237652172,0.016685483889487693,0.039942820325036564,-0.026049634676575548,0.025597451834137204,0.061425488285151826,0.03588856683889602,0.02682594850089279,0.039569305242203666,0.0414515829012361,0.039795210050824086,0.019257008603990333,0.013994766016657697,0.02307769588168309,-0.031796246294266556
2019-12-01,0.05499337576466284,0.04351958433541933,0.02742725561938597,0.03356471651823778,0.02653615353455543,0.0220800101320311,0.035815946656250416,0.038429743037274776,0.025119676926030527,0.02711715159240004,0.015420401185013258,0.04709253477142887,0.0306682367570745,0.07006736495975373,0.03849168242383061,0.05739147348912005,0.049223092861403805,0.030011244271141713,0.035726780824713505,0.039536183525026386,0.06162609478812474,0.02687246263335512,0.03923390869440959,0.05350229018773542,0.028709664797335433,0.05164510265243654,0.05302776888028796,0.027409031762773938,,,0.0430429650392399,0.03142896613258876,0.019159552443805204,0.041945977013704915,0.025975423755198342,0.05620888139731419,0.015968663342665418,0.022718740842040584,0.034867922624408944,0.034460234751330955,0.04090947093801135,0.022721853327279617,0.02087419742628697,0.042570407417637485,0.03123275687997848,0.025914343440261424,0.041322716971789346,0.022867320131396276,0.032482817017021985,0.06745611597778448
2020-03-01,0.037303585264964544,0.061931548446632276,0.02228882955290592,0.00929831283848421,0.0256627116301286,0.04153453966431017,0.04956483247529365,0.03878990417623597,0.017630753698802102,0.04103365320713233,0.020004234943684675,0.05822668825354569,0.02661930042708611,0.044490662662751125,0.05077271826405514,0.0479824329622028,0.04682092697529746,0.05360170101280997,0.06144404607249597,0.0427296403220482,0.055791958268840355,0.035147062729194545,0.03470110440040961,0.00520218475355589,0.011671199298954524,0.05243890170459583,0.04725052306680175,0.029516842179309683,,,0.006740287508739639,0.032481266839541646,0.011226713677255275,0.03731249158625731,0.05402503226388553,0.014222302941647972,0.0368072482470034,0.01751132288205929,0.025697050027302142,0.00973735002807223,0.049882667527648715,0.02624973559090693,0.020185442112478857,0.029612584612692117,0.05398306135985287,0.011717989746764353,0.03648216126032964,0.03193529717113811,0.050341207504505964,0.046862832599544636
2020-06-01,0.030320815535406092,0.11180463279482625,0.051943793644131396,0.012828796218244757,0.030898449181655085,0.043458839323352774,0.042122303491636835,0.04071373146282229,0.03727530376679025,0.03537078452296656,0.037374258741543695,0.06854732816500171,0.035683767455294876,0.030207559588085683,0.04495592669524766,0.05870522002146287,0.05482015772080191,0.10693265479283155,,0.06802951802813245,0.0703996103258113,0.033680545682996395,0.04894530000123607,0.05373531611025703,0.03764709742178536,0.050552466811820435,0.037490971670010635,0.03903771778983549,,,0.008845474758407367,0.028795815343076705,0.016760419335082904,0.06207639636416759,0.03144442856189705,0.09998825957988046,0.04869421707502488,0.04799641607328305,0.03066737216661814,0.029274260421232302,0.08748492609922277,0.015179742344005527,0.05314735635122501,0.08658751740426739,0.03600342419667718,0.03514856648607636,0.056344714787759036,0.017575792187908734,0.05838617563834053,0.03355308204814035
2020-09-01,0.04676928000612013,0.10531320146786353,0.06763914315357866,0.024369253048249603,0.02070844673861208,0.04965746091250556,0.06657591054609387,0.04316660679912978,0.04208337489840127,0.042277032078497014,0.012526955608400269,0.07288089544318642,0.014134511213279468,0.0682152286671597,0.034901727225383275,0.052046847234780064,0.07079501435988972,0.07014286785410716,0.06961750288847461,0.05311799938425786,0.06558555728966989,0.05385757528793646,0.04750955018092408,0.052770308944583635,0.048387811317582345,0.04301383330443254,0.054449226735538106,0.03908415554970721,,,0.04785170728466404,0.047321332869754956,0.014682305431907417,0.026602408209901465,0.04058410084172577,0.06360120032737979,0.04266083966888448,0.05322599794854276,0.01563345864591314,0.041118559391680694,0.07754008394542965,0.012974215275745405,0.04969569530333998,0.06406389841714509,0.04307198826815484,0.04540120099132121,0.04431490017991597,0.0173309663278226,0.016788665981659526,0.02620467647160591
2020-12-01,0.06893823484645237,0.1756730270346007,0.03753789446580613,0.04311592790339231,0.02591192282478379,0.024530452876474047,0.051985071902260545,0.044391923767020995,0.03104345818490368,0.039932237293971024,0.026647161865792395,0.05201896957913651,0.013727183534186485,0.06412713105267397,0.02633266238749835,0.04863995338738446,0.046834420290625844,0.030478940239813877,0.048278301764322976,0.033706529963972005,0.05297622486178866,0.025141907480411216,0.04726455650355777,0.056012896620994276,-0.0012932822126704908,0.047531378530986206,0.028244177395653835,0.04973253789742232,,,0.012382838461984432,0.04197788265018412,0.02693083400229675,0.04037612025826506,0.041410968086229905,0.03900618356683376,0.0481982624766915,0.027998392738461532,0.022085618361709285,0.03327121174028145,0.04161036087974273,0.0451817969283427,0.04040606728087957,0.05816928954330724,0.014326873478553246,0.004916411769059994,0.03890552315950469,0.019341287305835068,0.00980452919380721,0.07479335673784943
2021-03-01,0.044782911733573606,0.006219856450081011,0.01676935394467814,0.03783708333825804,0.04635536274424422,0.015401156370235397,0.06462282517830364,0.047195075034369496,0.05692267933224075,0.035687212280227205,0.00996949759550902,0.05108803633954336,0.017641545032779322,0.05830779735716267,0.027512374240028756,0.05072044052977841,0.013872663353206438,0.052335202868609314,0.048540678484133355,0.028848291443898135,0.04730520774779999,0.03031858720439267,0.06506915711670463,0.028639169677274656,0.005838519740052419,0.052085960766530125,0.025633838087807222,0.05075159031062084,0.018811957141015356,0.021174126689671953,0.01458742286993052,0.019958671964080167,0.024017963141326665,0.0662014443388583,0.034351071818620765,0.04221109622494735,0.04611263157342436,0.024528539369644393,0.016709477296569127,0.010957700183043624,0.06610227873271048,0.04392495771688005,0.02458023119375979,0.04612249420374596,0.04208700894020586,0.022004157656503067,0.015879494100628326,0.028286022502194016,0.05151792789982014,0.07532205413092742
2021-06-01,0.02934622721181033,0.04079391985952483,0.006413010484773748,0.008625183221610192,-0.02192523406670522,0.027574582323016354,0.016781627982405168,0.023009410658529877,0.019449121172858807,0.013891323166424163,0.02115722294860096,0.022218997088442296,-0.005722287957036062,0.029715142627019162,0.004396735112670411,0.028506350769480698,0.025023498069281894,0.03262311773946893,,0.005972771946887781,0.02221547630919347,0.0028785834502415247,0.04941714202848928,0.01075495626475729,0.01717536877304599,0.023454520638132602,0.013287732386638608,-0.00014538742307457285,0.03347325983005257,0.025070988431353466,0.007883552165112863,0.028374304173584875,-0.003969837417240181,0.01657526854704189,0.018368989919649706,0.03542555543169346,0.02561214877627429,0.007932001923527587,0.00030646294787094614,0.013471938088747264,0.000921930127501274,0.004957876232816079,0.039713817484208075,0.01674537044605965,0.017097311430856393,0.0318026210676123,0.017228590878900964,0.01926542678198379,0.003401306710311087,0.004403943774253929
2021-09-01,0.035048038618472735,0.043256475023933344,0.025089758937765848,-0.004576731973350514,-0.011100939037066711,0.023801416116082368,0.03280285292050538,0.029017510367926005,0.04409707964785681,0.03882493277015907,0.02301022159490568,0.02618530772190927,0.018433814409608243,0.03346420099689397,0.023092835560967025,0.03465350444821957,0.05102860942567001,0.04522206921516215,0.055199036009962545,0.01917930186624198,0.035788724829342256,0.020173675502758233,0.04193557975959325,0.032207480870063615,0.02695975056542747,0.03537628446667988,0.034019346104837506,-0.00780872378248385,0.046870037202218905,0.0466238412338085,0.02044509948175659,0.026402133194017442,0.01580611428727077,0.0364107039450328,0.0348845932782848,0.049108310161062374,0.01106027495876072,0.0022509891004718428,0.01128864351948352,0.031221842291156723,0.050936388110472984,0.01038018737112308,0.03918002001983661,0.039497822257009305,0.030530528766553947,0.050396262389658025,0.03991794823836812,0.030454777415066896,0.0356422501491792,0.025241845504143243
2021-12-01,0.03901261256240099,0.06297155811548856,0.019169397235394216,0.00606171201114328,0.006693347256029054,0.030538520168487085,0.01718173175372927,0.04487806045488889,0.037423827304961264,0.0325130432151377,0.019619296961731522,0.05626932300869759,0.022230629355904884,0.03434615904698443,0.03555038768751037,0.03434702040987917,0.059962592175771635,0.04970643507267516,0.051573667503113214,0.02054296578208271,0.052320754018241565,0.04225659838279202,0.054200555429495534,0.041805085424354946,0.018887750623186258,0.025060293301166204,0.02445303179309728,0.013601208425798325,0.049098656517542694,0.046162275470230274,0.007925217258104572,0.017964610799584224,0.023268597805831116,-0.004410339919662894,0.04222377575911142,0.058101895830263706,0.019072779630312616,0.004092813163918525,0.04064591425491474,0.03835765320207493,0.046056110138402204,0.004235285490826003,0.05220333463994995,0.03859931230098804,0.03289955095798444,0.053661465926806734,0.03626676652712794,0.030998327615363804,0.021085332553200286,0.03190025621240408
2022-03-01,0.03711065649986267,0.03211459517478943,0.03211459517478943,0.02680381014943123,0.031248675659298897,0.03257564827799797,0.0323464497923851,0.03711065649986267,0.0323464497923851,0.03142685443162918,0.032301947474479675,0.03711065649986267,0.03140140697360039,0.03711065649986267,0.03140140697360039,0.035165853798389435,0.039086561650037766,0.03135093301534653,0.03232100233435631,0.03711065649986267,0.035165853798389435,0.03227052837610245,0.03232100233435631,0.03567466139793396,0.031382352113723755,0.035165853798389435,0.031382352113723755,0.035165853798389435,0.030362743884325027,0.0752587839961052,0.032211244106292725,0.03135093301534653,0.03144904971122742,0.03211459517478943,0.03227052837610245,0.03552551940083504,0.035165853798389435,0.027708662673830986,0.03144904971122742,0.036520861089229584,0.035165853798389435,0.03140140697360039,0.05518825724720955,0.035165853798389435,0.0323464497923851,0.03609378635883331,0.0326070673763752,0.03140140697360039,0.035165853798389435,0.03267376497387886
2022-06-01,0.03973788022994995,0.03973788022994995,0.03391396626830101,0.03230239078402519,0.029772277921438217,0.02990133874118328,0.03388069197535515,0.03973788022994995,0.03518851473927498,0.03321234881877899,0.03321234881877899,0.03973788022994995,0.03321234881877899,0.03718651086091995,0.03321234881877899,0.03518851473927498,0.04261016473174095,0.02955702133476734,,0.03973788022994995,0.03973788022994995,0.03321234881877899,0.033341407775878906,0.0054496219381690025,0.02990133874118328,0.033341407775878906,0.03321234881877899,0.03518851473927498,0.032226286828517914,0.03518851473927498,0.03321234881877899,0.03391396626830101,0.03518851473927498,0.03321234881877899,0.03321234881877899,0.052939362823963165,0.03518851473927498,0.0366259440779686,0.03518851473927498,0.03321731090545654,0.03388069197535515,0.03321234881877899,0.05350625887513161,0.03973788022994995,0.03321234881877899,0.027411548420786858,0.033341407775878906,0.033341407775878906,0.03518851473927498,0.033341407775878906
2022-09-01,0.039444275200366974,0.034502267837524414,0.036156944930553436,0.03880011662840843,0.03349938988685608,0.03273661062121391,0.03602346032857895,0.039444275200366974,0.039191167801618576,0.03294864669442177,0.03294864669442177,0.039444275200366974,0.03602346032857895,0.039444275200366974,0.03294864669442177,0.03602346032857895,0.0497094951570034,0.029217058792710304,0.03602346032857895,0.040454793721437454,0.039444275200366974,0.03484583646059036,0.03602346032857895,0.0497094951570034,0.034342728555202484,0.03519605100154877,0.03602346032857895,0.03602346032857895,0.0356459766626358,0.03308682516217232,0.03602346032857895,0.03324636444449425,0.034342728555202484,0.03880011662840843,0.03484583646059036,0.03939330205321312,0.04354114830493927,0.029057515785098076,0.03308682516217232,0.034502267837524414,0.039444275200366974,0.03602346032857895,0.0497094951570034,0.03880011662840843,0.03484583646059036,0.03602346032857895,0.03329886123538017,0.03519605100154877,0.03602346032857895,0.03329886123538017
2022-12-01,0.03920450061559677,0.03435346484184265,0.04791944473981857,0.03159148246049881,0.03302277252078056,0.03331419825553894,0.035523850470781326,0.03920450061559677,0.032110169529914856,0.035523850470781326,0.035192038863897324,0.03920450061559677,0.035523850470781326,0.03920450061559677,0.035523850470781326,0.03841197490692139,0.048619285225868225,0.037342753261327744,0.035523850470781326,0.0351920910179615,0.03920450061559677,0.035192038863897324,0.035523850470781326,0.034636978060007095,0.03471202775835991,0.035523850470781326,0.035523850470781326,0.035523850470781326,0.0349687896668911,0.03331419825553894,0.035523850470781326,0.034636978060007095,0.03298238664865494,0.03324607387185097,0.035523850470781326,0.048619285225868225,0.0349687896668911,0.0351920910179615,0.04704189673066139,0.0351920910179615,0.037342753261327744,0.035523850470781326,0.0349687896668911,0.03920450061559677,0.035192038863897324,0.035523850470781326,0.037342753261327744,0.035192038863897324,0.035523850470781326,0.035192038863897324
2023-03-01,0.03351799243860608,0.0210282983508805,0.027915665967082278,0.027174302423878936,0.02993557359434444,0.026034649705913255,0.03111130755733359,0.03211345101541694,0.02130240350605276,0.03166938504351019,0.03134715631194834,0.03404854888538127,0.03094634939793511,0.036778875637912975,0.031210305005970485,0.0354252254851093,0.044260257259908876,0.02896034262146264,,0.028477754080767418,0.03445755057519941,0.02934604604914762,0.025183492793462447,0.034012263453953154,0.03306165027939844,0.036203268379705375,0.03469426726081827,0.02754975977658926,0.03792006612029688,0.0307719696811294,0.02561874877151044,0.021394968347290336,0.05081523240252169,0.02752475994923375,0.03137921055432445,0.044260257259908876,0.03794136630898951,0.0353034272825021,0.032438569212582515,0.03394660835891026,0.03414679705832828,0.03192049373090399,0.037603553994746595,0.03206067170469817,0.03193140778017086,0.029359730295888054,0.03383954241356036,0.031564628565898346,0.03311325318866761,0.03237467932555456
2023-06-01,0.02553953044116497,0.028795387595891953,0.02553953044116497,0.021547146141529083,0.027314987033605576,0.02084946259856224,0.024701733142137527,0.024701733142137527,0.024701733142137527,0.024004049599170685,0.02332972176373005,0.02553953044116497,0.026744889095425606,0.02553953044116497,0.024303235113620758,0.024701733142137527,0.028795387595891953,0.02553953044116497,,0.021547146141529083,0.024701733142137527,0.025372877717018127,0.019497912377119064,0.027314987033605576,0.024701733142137527,0.023001588881015778,0.019497912377119064,0.021547146141529083,0.027314987033605576,0.025372877717018127,0.02332972176373005,0.027314987033605576,0.02084946259856224,0.02332972176373005,0.025372877717018127,0.028097903355956078,0.027314987033605576,0.02084946259856224,0.021473214030265808,0.021547146141529083,0.02553953044116497,0.026744889095425606,-0.007525009103119373,0.02553953044116497,0.024004049599170685,0.026617303490638733,0.023001588881015778,0.02332972176373005,0.024701733142137527,0.025372877717018127
2023-09-01,0.02220796048641205,0.02230246551334858,0.02220796048641205,0.01548705529421568,0.02220796048641205,0.01548705529421568,0.020810795947909355,0.018363449722528458,0.01548705529421568,0.020810795947909355,0.01929473876953125,0.02220796048641205,0.018363449722528458,0.02220796048641205,0.02220796048641205,0.020810795947909355,0.02230246551334858,0.02220796048641205,0.020810795947909355,0.01548705529421568,0.020810795947909355,0.01929473876953125,0.004401633981615305,0.018363449722528458,0.01683054119348526,0.02220796048641205,0.02220796048641205,0.018363449722528458,0.02220796048641205,0.018363449722528458,0.017934400588274002,0.02220796048641205,0.018363449722528458,0.018363449722528458,0.020810795947909355,0.030018139630556107,0.02220796048641205,0.01548705529421568,0.0161623302847147,0.01548705529421568,0.02220796048641205,0.016418343409895897,0.018363449722528458,0.02220796048641205,0.020810795947909355,0.02220796048641205,0.02220796048641205,0.020810795947909355,0.020810795947909355,0.020810795947909355
2023-12-01,0.020077506080269814,0.020077506080269814,0.02378465235233307,0.013189500197768211,0.020077506080269814,0.013189500197768211,0.019197821617126465,0.013189500197768211,0.019197821617126465,0.019197821617126465,0.019197821617126465,0.020077506080269814,0.019197821617126465,0.020077506080269814,0.020077506080269814,0.019197821617126465,0.020077506080269814,0.020077506080269814,0.019197821617126465,0.02378465235233307,0.019197821617126465,0.02378465235233307,0.02378465235233307,0.020077506080269814,0.019197821617126465,0.020077506080269814,0.020077506080269814,0.013189500197768211,0.022616641595959663,0.013189500197768211,0.019197821617126465,0.020077506080269814,0.013189500197768211,0.013189500197768211,0.019197821617126465,0.020077506080269814,0.020077506080269814,0.013189500197768211,0.009782006032764912,0.013189500197768211,0.020077506080269814,0.019197821617126465,0.02378465235233307,0.020077506080269814,0.019197821617126465,0.020077506080269814,0.019772887229919434,0.019197821617126465,0.019197821617126465,0.019197821617126465
2024-03-01,0.023990720176251177,0.015887108835775234,0.024070855412222824,0.011318412259303776,0.03473262999990976,0.010424563155514497,0.016541923226934565,0.016315328409804635,0.021922518160994747,-0.004558322181269466,0.016541923226934565,0.016315328409804635,0.021922518160994747,0.021922518160994747,0.0236782278832331,-0.004558322181269466,0.015697994634941558,0.0232260031178039,,0.019470115422548666,0.016315328409804635,0.021922518160994747,0.02780799535740985,0.016538113438137284,-0.0038918761116167647,0.021922518160994747,0.02298229480105087,0.018730267815866924,-0.004558322181269466,0.022149046909624676,0.012764008964144655,0.019251147306043482,0.015810666370270683,0.009899866943562359,0.022149046909624676,0.01178486494744925,0.0236782278832331,0.01890901070881883,-0.004558322181269466,0.008839413831719772,0.011204015131465872,0.016315328409804635,0.011891145472178415,0.019952413725440897,0.022149046909624676,0.022379130742186167,0.020366939859373434,0.021922518160994747,0.021922518160994747,0.016548405420492664
2024-06-01,0.020540056750178337,0.020540056750178337,0.02692754566669464,0.013515686616301537,0.020540056750178337,0.013515686616301537,0.019637806341052055,0.019637806341052055,0.019637806341052055,-0.11723349988460541,0.020540056750178337,0.019637806341052055,0.019637806341052055,0.019637806341052055,0.020540056750178337,0.019165290519595146,0.020540056750178337,0.020540056750178337,,0.013515686616301537,0.019637806341052055,0.02692754566669464,0.02692754566669464,0.013515686616301537,0.019495684653520584,0.019495684653520584,0.020540056750178337,0.019637806341052055,0.013515686616301537,0.019495684653520584,0.019495684653520584,0.020540056750178337,0.013515686616301537,0.019495684653520584,0.019495684653520584,0.020540056750178337,0.020540056750178337,0.020540056750178337,-0.11723349988460541,0.013515686616301537,0.020540056750178337,0.019637806341052055,0.013515686616301537,0.020540056750178337,0.019495684653520584,0.020540056750178337,0.020540056750178337,0.019495684653520584,0.019637806341052055,0.019495684653520584
2024-09-01,0.021813824772834778,0.02089885249733925,0.03196325525641441,0.01574276201426983,0.016112256795167923,0.01574276201426983,0.021077964454889297,0.021077964454889297,0.021230967715382576,-0.08486539870500565,0.021250609308481216,0.021230967715382576,0.021077964454889297,0.021077964454889297,0.021077964454889297,-0.007534118834882975,0.021813824772834778,0.02197769656777382,0.021077964454889297,0.018201909959316254,0.021077964454889297,0.022279154509305954,0.022279154509305954,0.01574276201426983,0.021077964454889297,0.017545048147439957,0.02089885249733925,0.021077964454889297,0.017544863745570183,0.017545048147439957,0.021077964454889297,0.021250609308481216,0.01574276201426983,0.021077964454889297,0.021077964454889297,0.02254091203212738,0.021250609308481216,0.020603857934474945,-0.08605014532804489,0.015895765274763107,0.021813824772834778,0.021077964454889297,0.02850012294948101,0.021813824772834778,0.017545048147439957,0.021250609308481216,0.021250609308481216,0.021077964454889297,0.021077964454889297,0.017545048147439957
2024-12-01,0.009589377920606946,0.001289445371301241,0.010387960525613745,0.016096748380474767,0.02967677047527988,0.00655862245748148,0.016691586951489687,0.016691586951489687,0.016934900502727033,0.016691586951489687,0.015780059685496176,0.016934900502727033,0.016691586951489687,0.016691586951489687,0.016691586951489687,0.016691586951489687,0.015780059685496176,0.029459613766237607,0.016691586951489687,0.001289445371301241,0.016691586951489687,0.0162475193863403,0.0162475193863403,0.003938803136299967,0.016691586951489687,0.016691586951489687,0.015780059685496176,0.016620120309377963,-0.006501774187432479,0.00655862245748148,0.016691586951489687,0.019746940527792266,0.00655862245748148,0.016691586951489687,0.016691586951489687,0.029459613766237607,0.018941437001897512,0.01782153346078403,-0.006501774187432479,-0.006501774187432479,0.01694056853347944,0.016691586951489687,0.029459613766237607,0.019562658350151647,0.016691586951489687,0.015780059685496176,0.020755785915437447,0.016691586951489687,0.016691586951489687,0.015691859935521437
2025-03-01,0.01721972631007713,0.01839056263809418,0.009913547446256672,0.012333451334112485,0.01843413097852165,0.014566009934834118,0.008730742844143189,0.01745978300273852,0.016122939728908346,0.017662461731320637,0.016011721677515325,0.01870156673296265,0.01773441931924812,0.01936538329154711,0.017742181904505203,0.018547373201164768,0.01889388021311561,0.020976422180006473,0.017205266401979266,0.017062158036314525,0.01745978300273852,0.017741265055673878,0.012883934294418179,0.00982769675925485,0.004591943717501921,0.017957218649621194,0.01548256876024648,0.0009044293594951511,0.013014947215332863,0.009259895761412042,0.0153045442803094,0.021395746369785366,0.01706100452780366,0.01373448316363383,0.01871643178103656,0.02582467088040537,0.019327570626588776,0.02005170522949655,0.007885364939312644,0.010067900245556347,0.01885308855297833,0.017654699146063553,0.025765870364821832,0.02213232350372622,0.01444166828109933,0.016152756901562378,0.016674336433871177,0.01936538329154711,0.01936538329154711,0.01835978884581789
2025-06-01,0.024336009046822447,0.01211598748932076,-0.0021439924933645774,0.015313258422264315,0.0142816560629274,0.019834624182885563,0.013481163663785257,0.01686910511071156,0.015447913274053754,0.020953755719461044,0.015247519057399959,0.015447913274053754,0.020892844501080674,0.022522301518579063,0.020245122255834826,0.02067611271211005,0.02290495894520669,0.04485512932789975,,-0.007727939332234326,0.025142700771041932,0.020209188742297036,0.0018261158806316294,0.011563496313678253,-0.0014834425267601032,0.027717025542026683,0.015447913274053754,-0.00932598231068654,0.025985510879697384,0.020209188742297036,0.020148277523916666,0.03057730656294383,0.01966250650382439,0.018098582149774906,0.019463328850678776,0.0451778465460576,0.025064112026875363,0.033289868565549476,0.001454820548424837,-0.031184645583553244,0.02272578065032641,0.016123677175354616,0.042974018486313145,0.028369746097406414,0.022522301518579063,0.02414849124281439,0.02129653432894577,0.023180993909715446,0.020934377758293085,0.06417376288614987
2025-09-01,0.020550321120938766,0.002848092719704951,0.008124177456475336,-0.0005352280462837917,0.0014155247804431628,0.0007535650360650098,0.012108182175714797,-0.007597753175882905,0.0016477173129601792,0.0017309024126937736,0.012734484955585759,0.012077683134498298,0.011246221477802307,0.007065732098030671,0.002625751936671337,0.022295724634728495,0.028225185937450423,0.04670583993345121,-0.021610468543686773,0.001087128993202445,0.02507827775806958,-0.0012753280454350575,-0.019987892943778687,-0.009973503109232116,-0.008712713448158882,0.03265464594260721,0.007266551248653377,-0.021215897323378606,0.027453364604435943,0.00968777377308575,-0.0016530722819881845,0.04423174392770795,0.000927401553257724,0.014408940553439447,0.002867069153704361,0.027998245817469184,0.0263987126113935,0.006717375679985008,-9.941765403409266e-05,-0.018867897393951772,0.033009507079519766,0.01126155515699488,0.021841306233627105,0.024977771319715028,0.006617610742699216,0.028808394279532714,0.023987498276414238,0.0321600849818728,0.008989587683630885,0.021211015178444544
