date,portfolio_value
2018-01-02,1.0
2018-01-03,1.0
2018-01-04,1.0
2018-01-05,1.0
2018-01-08,1.0
2018-01-09,1.0
2018-01-10,1.0
2018-01-11,1.0
2018-01-12,1.0
2018-01-16,1.0
2018-01-17,1.0
2018-01-18,1.0
2018-01-19,1.0
2018-01-22,1.0
2018-01-23,1.0
2018-01-24,1.0
2018-01-25,1.0
2018-01-26,1.0
2018-01-29,1.0
2018-01-30,1.0
2018-01-31,1.0
2018-02-01,1.0
2018-02-02,1.0
2018-02-05,1.0
2018-02-06,1.0
2018-02-07,1.0
2018-02-08,1.0
2018-02-09,1.0
2018-02-12,1.0
2018-02-13,1.0
2018-02-14,1.0
2018-02-15,1.0
2018-02-16,1.0
2018-02-20,1.0
2018-02-21,1.0
2018-02-22,1.0
2018-02-23,1.0
2018-02-26,1.0
2018-02-27,1.0
2018-02-28,1.0
2018-03-01,0.9913071537546677
2018-03-02,1.0010860406530566
2018-03-05,1.0145773703765615
2018-03-06,1.0199105555023908
2018-03-07,1.0185093610453533
2018-03-08,1.0209057574038316
2018-03-09,1.0352568834517673
2018-03-12,1.035421861140812
2018-03-13,1.0320488703503718
2018-03-14,1.026406582690912
2018-03-15,1.0226298951092019
2018-03-16,1.0270509689696075
2018-03-19,1.013015701907219
2018-03-20,1.014459640679711
2018-03-21,1.0160368723012168
2018-03-22,0.9945896416121885
2018-03-23,0.9765860036021284
2018-03-26,0.9972466756925991
2018-03-27,0.9860317260984983
2018-03-28,0.9842773043617308
2018-03-29,0.9914818352291958
2018-04-02,0.9697135241502218
2018-04-03,0.9819407833433945
2018-04-04,0.9922102519999194
2018-04-05,0.9989691665641435
2018-04-06,0.9784878083283424
2018-04-09,0.9793400684609865
2018-04-10,0.9922867634183722
2018-04-11,0.9891311727497961
2018-04-12,0.995804675528136
2018-04-13,0.9937592465909693
2018-04-16,1.004761807667431
2018-04-17,1.0146969297266362
2018-04-18,1.0185465210620244
2018-04-19,1.0114308076827814
2018-04-20,1.00390259132915
2018-04-23,1.0052149069555683
2018-04-24,0.9978979788454514
2018-04-25,1.0013345679023382
2018-04-26,1.0101442886922858
2018-04-27,1.0114584272153986
2018-04-30,1.0010359713426848
2018-05-01,1.0025990463348908
2018-05-02,0.9960200508427345
2018-05-03,0.9934501302336955
2018-05-04,1.0036763360557186
2018-05-07,1.006558616967316
2018-05-08,1.0057836753620608
2018-05-09,1.017456415609151
2018-05-10,1.025538022236882
2018-05-11,1.0313144629045452
2018-05-14,1.031974090660027
2018-05-15,1.0281734825269424
2018-05-16,1.032753649118134
2018-05-17,1.0339300712914004
2018-05-18,1.0319264207331391
2018-05-21,1.0374498187040517
2018-05-22,1.0335034385650208
2018-05-23,1.0361980797093568
2018-05-24,1.037633802109683
2018-05-25,1.0387016832211406
2018-05-28,1.0387016832211406
2018-05-29,1.0303400871208912
2018-05-30,1.044579357602364
2018-05-31,1.035181759134262
2018-06-01,1.0379712111009476
2018-06-04,1.043860481465181
2018-06-05,1.0450389065695291
2018-06-06,1.051959902552027
2018-06-07,1.053782482555794
2018-06-08,1.0579685702148485
2018-06-11,1.0601347396522003
2018-06-12,1.0644852916670329
2018-06-13,1.0585737624820009
2018-06-14,1.0617863484680743
2018-06-15,1.0649604512987525
2018-06-18,1.0613074490851366
2018-06-19,1.0616148675858827
2018-06-20,1.06473145680509
2018-06-21,1.0611239785126991
2018-06-22,1.0643387265981323
2018-06-25,1.0533891266999884
2018-06-26,1.053790341453812
2018-06-27,1.045487539559547
2018-06-28,1.0474174474378637
2018-06-29,1.046758302770112
2018-07-02,1.0485461435503765
2018-07-03,1.0473940612946342
2018-07-04,1.0473940612946342
2018-07-05,1.0581592827715174
2018-07-06,1.0652395837809423
2018-07-09,1.0692550486649373
2018-07-10,1.0736631301438166
2018-07-11,1.067721403388088
2018-07-12,1.0740239150468427
2018-07-13,1.0758316617842218
2018-07-16,1.074048231941168
2018-07-17,1.0777978080255561
2018-07-18,1.0793404058110965
2018-07-19,1.0791092257558275
2018-07-20,1.0772682157856048
2018-07-23,1.0797744413851045
2018-07-24,1.077535605136167
2018-07-25,1.0873303361777684
2018-07-26,1.0958069993695658
2018-07-27,1.086891393046657
2018-07-30,1.0801329600838248
2018-07-31,1.0856238306713941
2018-08-01,1.0824633509199881
2018-08-02,1.092208124895679
2018-08-03,1.0977087995094095
2018-08-06,1.1018808406794518
2018-08-07,1.1038769786170735
2018-08-08,1.1022298957303525
2018-08-09,1.1019250442196613
2018-08-10,1.0962940604245424
2018-08-13,1.0938992969500514
2018-08-14,1.101152717542465
2018-08-15,1.101645631512752
2018-08-16,1.1095053729732278
2018-08-17,1.116725407035813
2018-08-20,1.1207749403131626
2018-08-21,1.1230306116664257
2018-08-22,1.1219359464690777
2018-08-23,1.122439530571524
2018-08-24,1.1277620379534368
2018-08-27,1.1333101981135927
2018-08-28,1.1354332364792086
2018-08-29,1.1384233670404684
2018-08-30,1.1346108185625956
2018-08-31,1.1359562251419884
2018-09-04,1.130295274308502
2018-09-05,1.1314858555910015
2018-09-06,1.1283158064291658
2018-09-07,1.1274578325806544
2018-09-10,1.1309987386193603
2018-09-11,1.1333245569887285
2018-09-12,1.1343142140538427
2018-09-13,1.1409667830592956
2018-09-14,1.1417012934878377
2018-09-17,1.1364021424786002
2018-09-18,1.1395955696651148
2018-09-19,1.1387867310081803
2018-09-20,1.1452198581508986
2018-09-21,1.1439165126805246
2018-09-24,1.1367597474572615
2018-09-25,1.1323200331925733
2018-09-26,1.1258604490398159
2018-09-27,1.1264134699389836
2018-09-28,1.126154084734993
2018-10-01,1.1251537703112828
2018-10-02,1.1252897023220503
2018-10-03,1.126250149895548
2018-10-04,1.1192004814046845
2018-10-05,1.1144318129561903
2018-10-08,1.1137175333830547
2018-10-09,1.1076619026205576
2018-10-10,1.0773519638721045
2018-10-11,1.05496252605331
2018-10-12,1.0641814042337383
2018-10-15,1.0643470755397242
2018-10-16,1.0875174867322102
2018-10-17,1.086705904342439
2018-10-18,1.0739988531916775
2018-10-19,1.0704860853208311
2018-10-22,1.063028637521388
2018-10-23,1.0545392093810093
2018-10-24,1.0270563474640175
2018-10-25,1.0466606725383456
2018-10-26,1.0315196527623265
2018-10-29,1.029896537546781
2018-10-30,1.0476443722119604
2018-10-31,1.0518378835285744
2018-11-01,1.0738496531093433
2018-11-02,1.07368110083862
2018-11-05,1.0824538558293841
2018-11-06,1.090083536366556
2018-11-07,1.1098796336460386
2018-11-08,1.1051956142486454
2018-11-09,1.0998373228720113
2018-11-12,1.081472360874836
2018-11-13,1.08054947752575
2018-11-14,1.0758610447308288
2018-11-15,1.0846507994668355
2018-11-16,1.0882388991745837
2018-11-19,1.0753592692218183
2018-11-20,1.0577481955045105
2018-11-21,1.064884983516832
2018-11-22,1.064884983516832
2018-11-23,1.0637462757059992
2018-11-26,1.0748266719035466
2018-11-27,1.0753071984662295
2018-11-28,1.0926752587542907
2018-11-29,1.0928244254849648
2018-11-30,1.0965553965428618
2018-12-03,1.1110093385925055
2018-12-04,1.074889188222179
2018-12-05,1.074889188222179
2018-12-06,1.070074712917081
2018-12-07,1.0479398353334477
2018-12-10,1.0446751398421352
2018-12-11,1.046086446678001
2018-12-12,1.0518105217550044
2018-12-13,1.0478880413575542
2018-12-14,1.030650430435335
2018-12-17,1.0069292337665683
2018-12-18,1.0066565488413117
2018-12-19,0.9900151046660582
2018-12-20,0.9760466296889332
2018-12-21,0.9593146740030443
2018-12-24,0.9313994133572452
2018-12-26,0.9725808469989361
2018-12-27,0.978238219411235
2018-12-28,0.9769556522895915
2018-12-31,0.986834420417566
2019-01-02,0.9823689451256236
2019-01-03,0.9613522900245866
2019-01-04,0.9899460749870017
2019-01-07,1.0000497847376222
2019-01-08,1.012886639754366
2019-01-09,1.0187553329147812
2019-01-10,1.0243301821029926
2019-01-11,1.0247430068401935
2019-01-14,1.016692823570548
2019-01-15,1.0225594158099642
2019-01-16,1.0256664677638039
2019-01-17,1.0339619360949706
2019-01-18,1.0526224357945988
2019-01-21,1.0526224357945988
2019-01-22,1.0394215887134983
2019-01-23,1.0407224908284463
2019-01-24,1.045345545997891
2019-01-25,1.0575809075108091
2019-01-28,1.0547204574652456
2019-01-29,1.058768089744036
2019-01-30,1.0760642171784414
2019-01-31,1.0879452766257913
2019-02-01,1.093295388570496
2019-02-04,1.0982594182411394
2019-02-05,1.099197285237343
2019-02-06,1.0982463088868353
2019-02-07,1.0926242230231196
2019-02-08,1.0934633412492731
2019-02-11,1.0957128082258383
2019-02-12,1.1121878180360978
2019-02-13,1.1138119157415354
2019-02-14,1.117427294393147
2019-02-15,1.1292928129885758
2019-02-19,1.1313165588505782
2019-02-20,1.1380820238368976
2019-02-21,1.1307112421129808
2019-02-22,1.1399145200552931
2019-02-25,1.1389350451525355
2019-02-26,1.1334574046537813
2019-02-27,1.1278711089630469
2019-02-28,1.1242285405172863
2019-03-01,1.127622768974555
2019-03-04,1.120523264635155
2019-03-05,1.1155990183035547
2019-03-06,1.1031617553190936
2019-03-07,1.0945097623184838
2019-03-08,1.0919397012441545
2019-03-11,1.1076986664841846
2019-03-12,1.1105529720393001
2019-03-13,1.1192480001589706
2019-03-14,1.1190030280218581
2019-03-15,1.1229591769847453
2019-03-18,1.1271227737323115
2019-03-19,1.1246047169293978
2019-03-20,1.1168882119237495
2019-03-21,1.1323418769261933
2019-03-22,1.10851391837708
2019-03-25,1.1071516905834056
2019-03-26,1.1167654980273582
2019-03-27,1.1132549439228028
2019-03-28,1.1188052352585238
2019-03-29,1.1283744576830328
2019-04-01,1.1423736545156453
2019-04-02,1.1390173005868196
2019-04-03,1.1415229197786276
2019-04-04,1.1449439179330572
2019-04-05,1.1545261637032704
2019-04-08,1.1553015762565342
2019-04-09,1.1454332612901452
2019-04-10,1.1522586800745287
2019-04-11,1.154199146901609
2019-04-12,1.1636189227755633
2019-04-15,1.1624844359769269
2019-04-16,1.1590660937903536
2019-04-17,1.1526810867391837
2019-04-18,1.1538470486308643
2019-04-22,1.1524436458504812
2019-04-23,1.163945670032598
2019-04-24,1.168177165565735
2019-04-25,1.1607550656099315
2019-04-26,1.1662065583384862
2019-04-29,1.1687132861523806
2019-04-30,1.175158365348413
2019-05-01,1.1654287472159768
2019-05-02,1.1676464372992996
2019-05-03,1.1793390458034518
2019-05-06,1.1749764752629885
2019-05-07,1.1544969890319476
2019-05-08,1.151542728412224
2019-05-09,1.1476233325636889
2019-05-10,1.15121962466971
2019-05-13,1.1211856007621894
2019-05-14,1.132512960942642
2019-05-15,1.13673126818093
2019-05-16,1.1454814710214172
2019-05-17,1.1367639115525041
2019-05-20,1.1298180910774571
2019-05-21,1.1428881202498735
2019-05-22,1.13706191585751
2019-05-23,1.1176839811914017
2019-05-24,1.1180363323035736
2019-05-27,1.1180363323035736
2019-05-28,1.1071547248049267
2019-05-29,1.098400027810657
2019-05-30,1.0989492746162848
2019-05-31,1.0881963518213196
2019-06-03,1.0870863278911804
2019-06-04,1.1159373916898774
2019-06-05,1.1197271184880206
2019-06-06,1.1244709477196222
2019-06-07,1.128864299413371
2019-06-10,1.131771862011152
2019-06-11,1.1326733805795204
2019-06-12,1.1284486774300837
2019-06-13,1.1357591768753916
2019-06-14,1.1304983806709352
2019-06-17,1.1281328412716451
2019-06-18,1.139195328532163
2019-06-19,1.1437333688905647
2019-06-20,1.15337312211704
2019-06-21,1.151100790835042
2019-06-24,1.145697426463585
2019-06-25,1.136130180898816
2019-06-26,1.134788991678882
2019-06-27,1.1429442452961556
2019-06-28,1.1493648804779537
2019-07-01,1.1562926674774383
2019-07-02,1.1566687540285052
2019-07-03,1.1680293762663763
2019-07-04,1.1680293762663763
2019-07-05,1.167283018755256
2019-07-08,1.1590244800046199
2019-07-09,1.157247186277017
2019-07-10,1.1586937508453292
2019-07-11,1.1671066500181713
2019-07-12,1.1756087323655422
2019-07-15,1.172617005224213
2019-07-16,1.1705148046390583
2019-07-17,1.1562313454796544
2019-07-18,1.1566925841834228
2019-07-19,1.151209746344903
2019-07-22,1.1527490346542295
2019-07-23,1.15775729639558
2019-07-24,1.1721386273960808
2019-07-25,1.1652436376063156
2019-07-26,1.1774219623398403
2019-07-29,1.1721810566090958
2019-07-30,1.1714891831236596
2019-07-31,1.1610047197891469
2019-08-01,1.145914350307973
2019-08-02,1.1340729076411025
2019-08-05,1.1016079737744924
2019-08-06,1.1144487879851364
2019-08-07,1.1139851467762396
2019-08-08,1.1341989155730499
2019-08-09,1.1260343307980023
2019-08-12,1.1114866008165192
2019-08-13,1.1227795785241896
2019-08-14,1.0915169028625065
2019-08-15,1.0894140202767786
2019-08-16,1.109243500264905
2019-08-19,1.1214911889103472
2019-08-20,1.1105756379431453
2019-08-21,1.1178710723938479
2019-08-22,1.1178798592462194
2019-08-23,1.0875669615570256
2019-08-26,1.098204025379022
2019-08-27,1.0896931163238195
2019-08-28,1.10059772007733
2019-08-29,1.1175647114044263
2019-08-30,1.1248110182361455
2019-09-03,1.112015442729693
2019-09-04,1.1264851983392619
2019-09-05,1.1399932590179018
2019-09-06,1.140879446816561
2019-09-09,1.1490360853001498
2019-09-10,1.1577407595793496
2019-09-11,1.1664763796339375
2019-09-12,1.163863848798733
2019-09-13,1.1669479247922583
2019-09-16,1.1661989814216511
2019-09-17,1.168367713708555
2019-09-18,1.1553598335604702
2019-09-19,1.1542855307742341
2019-09-20,1.147176077110721
2019-09-23,1.1461498285526055
2019-09-24,1.1371833052126754
2019-09-25,1.1439649708949158
2019-09-26,1.1336175055912934
2019-09-27,1.1253120508816696
2019-09-30,1.133448233367907
2019-10-01,1.1139336634154993
2019-10-02,1.0972942860475727
2019-10-03,1.104556987749947
2019-10-04,1.1154738688941517
2019-10-07,1.1110771344253887
2019-10-08,1.0886166222798468
2019-10-09,1.096594742088259
2019-10-10,1.101798617887047
2019-10-11,1.1203423450505943
2019-10-14,1.1182801587118234
2019-10-15,1.125859209894026
2019-10-16,1.125656507483651
2019-10-17,1.1305021757500069
2019-10-18,1.1262230096893138
2019-10-21,1.1349411391750566
2019-10-22,1.1346798449222146
2019-10-23,1.1448973080884481
2019-10-24,1.1458594898883145
2019-10-25,1.1548197169246688
2019-10-28,1.1574131119030582
2019-10-29,1.156345197849075
2019-10-30,1.159712559572309
2019-10-31,1.1489938489244873
2019-11-01,1.162562609179416
2019-11-04,1.168408203787483
2019-11-05,1.1694770575241282
2019-11-06,1.1644913246724222
2019-11-07,1.1751169753409763
2019-11-08,1.1782705331602628
2019-11-11,1.1756675004397679
2019-11-12,1.176005029002978
2019-11-13,1.1736748846250644
2019-11-14,1.1766394762259071
2019-11-15,1.1821637559532872
2019-11-18,1.181367516608793
2019-11-19,1.1816109251604343
2019-11-20,1.1776041551778853
2019-11-21,1.1697136635982353
2019-11-22,1.174320672000776
2019-11-25,1.1842651926968064
2019-11-26,1.1857750989276348
2019-11-27,1.185208385112585
2019-11-28,1.185208385112585
2019-11-29,1.1772702336838452
2019-12-02,1.1633184745164857
2019-12-03,1.1557252603045682
2019-12-04,1.1643398280069175
2019-12-05,1.1654306128432217
2019-12-06,1.1745703523133293
2019-12-09,1.1723589655585032
2019-12-10,1.1713395782677394
2019-12-11,1.1729913322408174
2019-12-12,1.1851881164161746
2019-12-13,1.17991685588414
2019-12-16,1.189377215461872
2019-12-17,1.1898026295130202
2019-12-18,1.1862833544118352
2019-12-19,1.1931690959383832
2019-12-20,1.203920988135349
2019-12-23,1.2058887417266
2019-12-24,1.2049464523153217
2019-12-26,1.2081696654716894
2019-12-27,1.2069548523647755
2019-12-30,1.2004655779023203
2019-12-31,1.2046349846001358
2020-01-02,1.2098421201800436
2020-01-03,1.2022509329621276
2020-01-06,1.2058093458387196
2020-01-07,1.2087438045070746
2020-01-08,1.2181205260414634
2020-01-09,1.225497371541493
2020-01-10,1.2241780644769718
2020-01-13,1.23615994604511
2020-01-14,1.2433123005481883
2020-01-15,1.2494205891018737
2020-01-16,1.2608992824876772
2020-01-17,1.2601469535914038
2020-01-20,1.2601469535914038
2020-01-21,1.2544129769731194
2020-01-22,1.251696669505887
2020-01-23,1.2569728585579296
2020-01-24,1.2442529012984096
2020-01-27,1.2226021138728622
2020-01-28,1.2366741132545362
2020-01-29,1.232952561684434
2020-01-30,1.2344018946806332
2020-01-31,1.2100852153229704
2020-02-03,1.2238930459599864
2020-02-04,1.2414591766876326
2020-02-05,1.2514572917390163
2020-02-06,1.2492607010463352
2020-02-07,1.248400678550836
2020-02-10,1.2526244748705269
2020-02-11,1.26287256513948
2020-02-12,1.2682937066301376
2020-02-13,1.2611035728845927
2020-02-14,1.268951625586762
2020-02-18,1.2660249488760054
2020-02-19,1.2673257643850986
2020-02-20,1.2667013260475297
2020-02-21,1.255324045016967
2020-02-24,1.2100074900418305
2020-02-25,1.1645750920799036
2020-02-26,1.1486096420868435
2020-02-27,1.1071525861521636
2020-02-28,1.090652448608806
2020-03-02,1.133889127491203
2020-03-03,1.1081999214069538
2020-03-04,1.1521639303583533
2020-03-05,1.1141283208166126
2020-03-06,1.0900048613093214
2020-03-09,1.0067700921791298
2020-03-10,1.0509301562674944
2020-03-11,0.9963230789704245
2020-03-12,0.8810157297605122
2020-03-13,0.9521273718022718
2020-03-16,0.8265104374082154
2020-03-17,0.8743697100529682
2020-03-18,0.8152401971466238
2020-03-19,0.824505852153534
2020-03-20,0.8070618074093509
2020-03-23,0.7969119626618378
2020-03-24,0.8817329903074821
2020-03-25,0.9079950891680507
2020-03-26,0.9606120883853061
2020-03-27,0.934509316275889
2020-03-30,0.9513878545854935
2020-03-31,0.9355995255225716
2020-04-01,0.8951750097161388
2020-04-02,0.9106064442802994
2020-04-03,0.8945294622306584
2020-04-06,0.957125062384051
2020-04-07,0.9662176749225352
2020-04-08,1.0013131977637302
2020-04-09,1.0226820877127896
2020-04-13,1.0045708963790212
2020-04-14,1.0376994330924478
2020-04-15,1.0069487915185469
2020-04-16,1.0075773186499954
2020-04-17,1.0517168358296218
2020-04-20,1.033868934474593
2020-04-21,1.0042435587177423
2020-04-22,1.0208813321141166
2020-04-23,1.0229925926704617
2020-04-24,1.0455530175372127
2020-04-27,1.0668559357031193
2020-04-28,1.0780356774092652
2020-04-29,1.1010013350322159
2020-04-30,1.0762750765220206
2020-05-01,1.0489214437131567
2020-05-04,1.0521488721344696
2020-05-05,1.0587919462688555
2020-05-06,1.0428421100249365
2020-05-07,1.0615120739763306
2020-05-08,1.0867389484195262
2020-05-11,1.0812984635285412
2020-05-12,1.0581700290176024
2020-05-13,1.0336806474055842
2020-05-14,1.0450723597369866
2020-05-15,1.0545196375918433
2020-05-18,1.1000428009881946
2020-05-19,1.0913098100742185
2020-05-20,1.1071821219531466
2020-05-21,1.107952508706815
2020-05-22,1.1123036220445448
2020-05-25,1.1123036220445448
2020-05-26,1.1366557336330487
2020-05-27,1.1599694868563364
2020-05-28,1.1511162777808268
2020-05-29,1.163922938363494
2020-06-01,1.1790474508179962
2020-06-02,1.1960290421720945
2020-06-03,1.2385624508427016
2020-06-04,1.2552017439489687
2020-06-05,1.3015168881657069
2020-06-08,1.3308894090947343
2020-06-09,1.2911704130927624
2020-06-10,1.2562369575340373
2020-06-11,1.1643887954031624
2020-06-12,1.2030591163567357
2020-06-15,1.2235035500900067
2020-06-16,1.2503686712499498
2020-06-17,1.2321807240813218
2020-06-18,1.2295970859044643
2020-06-19,1.212654063613804
2020-06-22,1.2135242937598234
2020-06-23,1.2142631102820596
2020-06-24,1.1689875905426519
2020-06-25,1.181332652734007
2020-06-26,1.1570119042553266
2020-06-29,1.1884746445514145
2020-06-30,1.2012918920952556
2020-07-01,1.1917572864333001
2020-07-02,1.198807032988711
2020-07-03,1.198807032988711
2020-07-06,1.2157974460265515
2020-07-07,1.191204783147311
2020-07-08,1.1933031439259574
2020-07-09,1.1684515056015587
2020-07-10,1.1965045275080433
2020-07-13,1.1885164164120263
2020-07-14,1.2142242168563584
2020-07-15,1.254299541756394
2020-07-16,1.251473936854723
2020-07-17,1.2530584827231819
2020-07-20,1.2405048934243021
2020-07-21,1.2539685342358222
2020-07-22,1.2685540144311664
2020-07-23,1.2686546960263951
2020-07-24,1.2576945287651002
2020-07-27,1.2667309314551365
2020-07-28,1.2565466590702152
2020-07-29,1.2764402781105473
2020-07-30,1.268872933757037
2020-07-31,1.262505492575221
2020-08-03,1.281580448880596
2020-08-04,1.2868472100397605
2020-08-05,1.296413324789035
2020-08-06,1.304050485139372
2020-08-07,1.3138749471429876
2020-08-10,1.337107619918902
2020-08-11,1.331319627545119
2020-08-12,1.3515716167112628
2020-08-13,1.343843674724104
2020-08-14,1.3477604404621468
2020-08-17,1.340022007914943
2020-08-18,1.330783806890132
2020-08-19,1.3268556213150497
2020-08-20,1.3169061319131692
2020-08-21,1.3135597570988358
2020-08-24,1.3449417699042652
2020-08-25,1.3391029003027743
2020-08-26,1.3349882227349412
2020-08-27,1.3500388533619918
2020-08-28,1.3712292387952896
2020-08-31,1.3527193691479322
2020-09-01,1.3524502081180523
2020-09-02,1.3758233296568425
2020-09-03,1.3446456344504303
2020-09-04,1.335930304279636
2020-09-08,1.3051394933994724
2020-09-09,1.3164214454425702
2020-09-10,1.295580518959609
2020-09-11,1.300138355276511
2020-09-14,1.326210302466936
2020-09-15,1.3247829566876983
2020-09-16,1.3420637208634258
2020-09-17,1.3320704713304523
2020-09-18,1.3157824051303757
2020-09-21,1.2842662485651244
2020-09-22,1.29262707124913
2020-09-23,1.2587705048256461
2020-09-24,1.2641745177067711
2020-09-25,1.284979622201624
2020-09-28,1.3081472849296651
2020-09-29,1.2990298170902732
2020-09-30,1.3013860505289148
2020-10-01,1.3112831417297142
2020-10-02,1.326635172779532
2020-10-05,1.3504155761600964
2020-10-06,1.340712393093539
2020-10-07,1.3663543507200604
2020-10-08,1.3926443751162803
2020-10-09,1.3937912214380985
2020-10-12,1.4053911926950684
2020-10-13,1.393002603600179
2020-10-14,1.3944044994755564
2020-10-15,1.4036669801874482
2020-10-16,1.3991209704609253
2020-10-19,1.3871453856527818
2020-10-20,1.393236962059672
2020-10-21,1.3829966961917246
2020-10-22,1.4043534466841021
2020-10-23,1.412783661661201
2020-10-26,1.3802663708020633
2020-10-27,1.3545904976771155
2020-10-28,1.3109243993206368
2020-10-29,1.3338882851181022
2020-10-30,1.3230914682705048
2020-11-02,1.3559766963572335
2020-11-03,1.3881316471101226
2020-11-04,1.3891075406153162
2020-11-05,1.4145470069276787
2020-11-06,1.4163937646825027
2020-11-09,1.4792339860381762
2020-11-10,1.4937525376915992
2020-11-11,1.49388339787098
2020-11-12,1.468005489860086
2020-11-13,1.5032865300046236
2020-11-16,1.5391987048605542
2020-11-17,1.539952794290331
2020-11-18,1.5188935154225507
2020-11-19,1.5268834456521085
2020-11-20,1.519586145375926
2020-11-23,1.545525319595562
2020-11-24,1.5722204539055065
2020-11-25,1.565941631242586
2020-11-26,1.565941631242586
2020-11-27,1.5594278406863555
2020-11-30,1.5393819690822685
2020-12-01,1.5372076244882553
2020-12-02,1.5347452818267155
2020-12-03,1.5438680266005054
2020-12-04,1.5621014678404082
2020-12-07,1.5602393830407058
2020-12-08,1.5725306776632826
2020-12-09,1.5627777778184981
2020-12-10,1.5571413584553233
2020-12-11,1.5505493768052916
2020-12-14,1.540306039185263
2020-12-15,1.5550078240864613
2020-12-16,1.5484020029421013
2020-12-17,1.5648972695563053
2020-12-18,1.5552198206171275
2020-12-21,1.5461944282146078
2020-12-22,1.5391142134435454
2020-12-23,1.5456346660627784
2020-12-24,1.5466643486677525
2020-12-28,1.5367593880736656
2020-12-29,1.5308577018481557
2020-12-30,1.5369602163747063
2020-12-31,1.541084204008454
2021-01-04,1.5210836070738143
2021-01-05,1.5288546011209532
2021-01-06,1.5601395805567775
2021-01-07,1.5693269431256205
2021-01-08,1.5703869520995173
2021-01-11,1.5728602229091584
2021-01-12,1.590244950057029
2021-01-13,1.5829823348839185
2021-01-14,1.5897914741682497
2021-01-15,1.5833084999393754
2021-01-18,1.5833084999393754
2021-01-19,1.582844152419892
2021-01-20,1.5938507459481654
2021-01-21,1.5925023346931975
2021-01-22,1.5916118537510229
2021-01-25,1.6007279945775101
2021-01-26,1.5984715713426558
2021-01-27,1.572369832507324
2021-01-28,1.5834255473081367
2021-01-29,1.5556618545070398
2021-02-01,1.570514645700124
2021-02-02,1.589582523339647
2021-02-03,1.5927833245453535
2021-02-04,1.6162338869346011
2021-02-05,1.6244003024844584
2021-02-08,1.641473967598233
2021-02-09,1.6346189289723718
2021-02-10,1.6413017536580856
2021-02-11,1.6355067241450822
2021-02-12,1.6407502642529324
2021-02-16,1.6386508832065005
2021-02-17,1.6384283269626796
2021-02-18,1.633512675610173
2021-02-19,1.6434471660980814
2021-02-22,1.6323687664306763
2021-02-23,1.6298225625942546
2021-02-24,1.6505013428149065
2021-02-25,1.614411142991144
2021-02-26,1.5949655225247819
2021-03-01,1.6241501753325407
2021-03-02,1.6182193577784956
2021-03-03,1.6087699744398085
2021-03-04,1.5985867858533696
2021-03-05,1.6378457301984464
2021-03-08,1.6511839753555568
2021-03-09,1.6531065348071996
2021-03-10,1.6732128180064807
2021-03-11,1.6794883990227096
2021-03-12,1.6918133714733867
2021-03-15,1.7060930626501407
2021-03-16,1.6949781219480524
2021-03-17,1.7006120932145106
2021-03-18,1.684970669359904
2021-03-19,1.6946640124247545
2021-03-22,1.6971742141059551
2021-03-23,1.674813799997848
2021-03-24,1.6763521110514679
2021-03-25,1.694215780540671
2021-03-26,1.7270140378001968
2021-03-29,1.722523344200157
2021-03-30,1.7218660757956392
2021-03-31,1.7192333799340296
2021-04-01,1.7331009135632804
2021-04-05,1.745843727027362
2021-04-06,1.7442565986126488
2021-04-07,1.7391489972376066
2021-04-08,1.7395030692807967
2021-04-09,1.7485206861793263
2021-04-12,1.755231409024393
2021-04-13,1.7499925319451624
2021-04-14,1.7554707771557951
2021-04-15,1.774966488948801
2021-04-16,1.7838018223339567
2021-04-19,1.7776979461821543
2021-04-20,1.7679570013678958
2021-04-21,1.7844753628778156
2021-04-22,1.7702381690957139
2021-04-23,1.7861970397903606
2021-04-26,1.786023050546427
2021-04-27,1.7826865612623706
2021-04-28,1.782961020484352
2021-04-29,1.797524155871366
2021-04-30,1.7873703898450013
2021-05-03,1.8047733911229498
2021-05-04,1.8054095190952162
2021-05-05,1.80898910804545
2021-05-06,1.8150737371721097
2021-05-07,1.8461181394858346
2021-05-10,1.84089367540216
2021-05-11,1.817307498086521
2021-05-12,1.7813183605316436
2021-05-13,1.8051141936345438
2021-05-14,1.8268271393568964
2021-05-17,1.826660026973816
2021-05-18,1.809681859590821
2021-05-19,1.8060146190920388
2021-05-20,1.8179532206125424
2021-05-21,1.8238968173996926
2021-05-24,1.8348585932014634
2021-05-25,1.8278603004075056
2021-05-26,1.831758830814816
2021-05-27,1.8331773418442607
2021-05-28,1.836943371628259
2021-05-31,1.836943371628259
2021-06-01,1.8292510321127748
2021-06-02,1.8258409960823818
2021-06-03,1.8343291169302534
2021-06-04,1.8390202241240117
2021-06-07,1.8343612184588474
2021-06-08,1.8311363198820443
2021-06-09,1.837257579645623
2021-06-10,1.842437408322782
2021-06-11,1.8465290393498486
2021-06-14,1.8369975287465834
2021-06-15,1.839235756565287
2021-06-16,1.8299062590202066
2021-06-17,1.822007823814387
2021-06-18,1.7955717328941954
2021-06-21,1.8276729710727952
2021-06-22,1.832983924126038
2021-06-23,1.8335467448899703
2021-06-24,1.8406771960716766
2021-06-25,1.8516282110395912
2021-06-28,1.8473198161692788
2021-06-29,1.8395153183784774
2021-06-30,1.8380853281853509
2021-07-01,1.853778866754769
2021-07-02,1.8577821086928357
2021-07-05,1.8577821086928357
2021-07-06,1.8403450894710192
2021-07-07,1.8388637868479187
2021-07-08,1.8207964173274578
2021-07-09,1.8395479724654409
2021-07-12,1.8445104346891705
2021-07-13,1.8233804412185664
2021-07-14,1.8159596909577969
2021-07-15,1.8138463092332606
2021-07-16,1.8078503014846257
2021-07-19,1.7776076973908965
2021-07-20,1.8065216446987764
2021-07-21,1.8176763237406834
2021-07-22,1.8157064821512694
2021-07-23,1.8296292491054855
2021-07-26,1.8409268984121523
2021-07-27,1.8419635691190304
2021-07-28,1.8467497009202014
2021-07-29,1.8578522377353848
2021-07-30,1.8432429053164545
2021-08-02,1.8428087459332527
2021-08-03,1.844041849884306
2021-08-04,1.8238370311637466
2021-08-05,1.8291908922554718
2021-08-06,1.837880976229901
2021-08-09,1.8333241607405313
2021-08-10,1.837058071126656
2021-08-11,1.8404866899204553
2021-08-12,1.8426544376146443
2021-08-13,1.8435836024863244
2021-08-16,1.8445383911761464
2021-08-17,1.840858408587838
2021-08-18,1.8197123572465086
2021-08-19,1.8111869641082659
2021-08-20,1.8188175320714755
2021-08-23,1.8258950168280403
2021-08-24,1.841539846553653
2021-08-25,1.85039459747982
2021-08-26,1.838158085351152
2021-08-27,1.8569533310355004
2021-08-30,1.8600530927388377
2021-08-31,1.8657639460181146
2021-09-01,1.8684085440811669
2021-09-02,1.8773297806870661
2021-09-03,1.875569489609436
2021-09-07,1.8699265945983334
2021-09-08,1.8642285266172252
2021-09-09,1.8617729030895114
2021-09-10,1.8480943527872595
2021-09-13,1.8566836008009617
2021-09-14,1.8416767994450387
2021-09-15,1.8530901722565647
2021-09-16,1.8577322459926404
2021-09-17,1.8444464347416218
2021-09-20,1.8163425771300605
2021-09-21,1.8245535311532313
2021-09-22,1.8549417833855966
2021-09-23,1.8879859206100975
2021-09-24,1.893504464666936
2021-09-27,1.8922164808697366
2021-09-28,1.8580825948661912
2021-09-29,1.85676936432565
2021-09-30,1.8342021334977923
2021-10-01,1.8676737643642538
2021-10-04,1.8430313739472435
2021-10-05,1.8597786899126818
2021-10-06,1.8663215050016095
2021-10-07,1.8817642720532082
2021-10-08,1.8774779691631014
2021-10-11,1.8654132122553204
2021-10-12,1.879591736506533
2021-10-13,1.8897590052776718
2021-10-14,1.9138601561412418
2021-10-15,1.918425205392115
2021-10-18,1.9205373439280216
2021-10-19,1.9284558595409869
2021-10-20,1.934467172791787
2021-10-21,1.9400006069771787
2021-10-22,1.9448139448619575
2021-10-25,1.9521949037725976
2021-10-26,1.9460701868761423
2021-10-27,1.9124388546262938
2021-10-28,1.9303238342649478
2021-10-29,1.9294834024001035
2021-11-01,1.9416636133471417
2021-11-02,1.93128997611396
2021-11-03,1.9541115744305988
2021-11-04,1.9444769876950552
2021-11-05,1.9835789882517263
2021-11-08,1.978588421526987
2021-11-09,1.964824840970233
2021-11-10,1.9436158537228654
2021-11-11,1.9495653382250435
2021-11-12,1.9660131943693033
2021-11-15,1.9684305987771085
2021-11-16,1.980123142530965
2021-11-17,1.9593927969452187
2021-11-18,1.9469220404511192
2021-11-19,1.9291291814331242
2021-11-22,1.9154978639564317
2021-11-23,1.9172870820760082
2021-11-24,1.9252789502898469
2021-11-25,1.9252789502898469
2021-11-26,1.8740043951968797
2021-11-29,1.8857861343436269
2021-11-30,1.839130232618846
2021-12-01,1.796707486723281
2021-12-02,1.8528871123776773
2021-12-03,1.8371245436254275
2021-12-06,1.86637765019035
2021-12-07,1.9007947894150312
2021-12-08,1.9122616744857712
2021-12-09,1.8905735202478318
2021-12-10,1.9032412104672154
2021-12-13,1.8851032389393363
2021-12-14,1.8624355399189152
2021-12-15,1.882633100888201
2021-12-16,1.8703460831162388
2021-12-17,1.86008165626551
2021-12-20,1.8277023315496357
2021-12-21,1.8790970380405652
2021-12-22,1.8968224559595932
2021-12-23,1.9125438152726646
2021-12-24,1.9125438152726646
2021-12-27,1.9384762033361758
2021-12-28,1.9414204810481348
2021-12-29,1.9461434274175824
2021-12-30,1.9415653320581467
2021-12-31,1.9436927371281205
2022-01-03,1.9329717962935882
2022-01-04,1.9394000381061018
2022-01-05,1.8977580968710144
2022-01-06,1.8991458922341684
2022-01-07,1.8912783707277865
2022-01-10,1.8822830115345301
2022-01-11,1.9013121732561984
2022-01-12,1.9063512301663308
2022-01-13,1.8905520618525347
2022-01-14,1.8862540269218024
2022-01-17,1.8862540269218024
2022-01-18,1.8507375640429466
2022-01-19,1.8266566776639603
2022-01-20,1.8043386055516915
2022-01-21,1.7668633481114517
2022-01-24,1.787670486691401
2022-01-25,1.7641736079111627
2022-01-26,1.7502454611465268
2022-01-27,1.7393168539175379
2022-01-28,1.775387364455911
2022-01-31,1.8201381063115787
2022-02-01,1.837777360071525
2022-02-02,1.8443910513991029
2022-02-03,1.809282526659992
2022-02-04,1.8107326726191821
2022-02-07,1.8128814337001025
2022-02-08,1.8388210925848945
2022-02-09,1.8747468179595568
2022-02-10,1.852303026277241
2022-02-11,1.8167438442634831
2022-02-14,1.797332222090345
2022-02-15,1.8345221873152637
2022-02-16,1.844415367935986
2022-02-17,1.810170353093771
2022-02-18,1.80017091283221
2022-02-22,1.7792879807120843
2022-02-23,1.7462452623398006
2022-02-24,1.7780822044706752
2022-02-25,1.8344582996319279
2022-02-28,1.8221715406136951
2022-03-01,1.778395859945964
2022-03-02,1.8205280369901622
2022-03-03,1.7940844406718321
2022-03-04,1.7584565679050255
2022-03-07,1.6813717347400545
2022-03-08,1.6830134764778737
2022-03-09,1.7382604179813848
2022-03-10,1.7358038195606222
2022-03-11,1.705511618471536
2022-03-14,1.6775299423500891
2022-03-15,1.7088305298169995
2022-03-16,1.771616821527813
2022-03-17,1.799054901208587
2022-03-18,1.8357670983003418
2022-03-21,1.8101949184571602
2022-03-22,1.8306434829697855
2022-03-23,1.7944055124638356
2022-03-24,1.814552528831313
2022-03-25,1.8153089032115803
2022-03-28,1.8304667213384904
2022-03-29,1.8828235082932019
2022-03-30,1.8556370918064513
2022-03-31,1.8309075408337625
2022-04-01,1.8440511128095982
2022-04-04,1.8518425621978014
2022-04-05,1.8139956734026212
2022-04-06,1.7932305267479693
2022-04-07,1.7818698010245115
2022-04-08,1.7785567901368162
2022-04-11,1.7652900543256906
2022-04-12,1.7624496718878089
2022-04-13,1.7886167104342205
2022-04-14,1.7734190041492064
2022-04-18,1.764491604346855
2022-04-19,1.8073255382704412
2022-04-20,1.816706828426427
2022-04-21,1.7967459945877118
2022-04-22,1.7531511716478494
2022-04-25,1.7662028840988835
2022-04-26,1.7131801983005037
2022-04-27,1.7129030766260713
2022-04-28,1.7515695237093274
2022-04-29,1.6952435859581019
2022-05-02,1.7023169023073996
2022-05-03,1.7089083085749779
2022-05-04,1.76354018398242
2022-05-05,1.6938535661813268
2022-05-06,1.6769001368499201
2022-05-09,1.6118593689425136
2022-05-10,1.6013923012652065
2022-05-11,1.573995063275945
2022-05-12,1.5971254563064081
2022-05-13,1.660581867690117
2022-05-16,1.6395454761257258
2022-05-17,1.6743809809598782
2022-05-18,1.6097141073115493
2022-05-19,1.6093333696753023
2022-05-20,1.6265067471405767
2022-05-23,1.633779737369841
2022-05-24,1.613125345911129
2022-05-25,1.6378562467323816
2022-05-26,1.676449230864257
2022-05-27,1.7221024293779201
2022-05-30,1.7221024293779201
2022-05-31,1.701656793255612
2022-06-01,1.6625956574911187
2022-06-02,1.7046508229377357
2022-06-03,1.6779443374645884
2022-06-06,1.6784533574110008
2022-06-07,1.6929896224996805
2022-06-08,1.6671870297384477
2022-06-09,1.6254311014981668
2022-06-10,1.5787935319551063
2022-06-13,1.505610815222585
2022-06-14,1.5030870088362116
2022-06-15,1.5191809547348691
2022-06-16,1.454981614925484
2022-06-17,1.4649304685557594
2022-06-20,1.4649304685557594
2022-06-21,1.4841817862207751
2022-06-22,1.4816607490453901
2022-06-23,1.49161139781017
2022-06-24,1.541175571731628
2022-06-27,1.538462619127166
2022-06-28,1.5116287088726
2022-06-29,1.505466109099399
2022-06-30,1.4930729490063626
2022-07-01,1.5212032858759938
2022-07-04,1.5212032858759938
2022-07-05,1.5265779411995941
2022-07-06,1.5245814653050032
2022-07-07,1.5542709252987754
2022-07-08,1.5485120741880225
2022-07-11,1.5306759704109776
2022-07-12,1.5313279604857089
2022-07-13,1.5263516672440105
2022-07-14,1.5074237125490144
2022-07-15,1.5346043678777441
2022-07-18,1.5168401201657125
2022-07-19,1.5662771832705016
2022-07-20,1.5820188915090234
2022-07-21,1.6075534421680728
2022-07-22,1.5993968293741443
2022-07-25,1.604408300163026
2022-07-26,1.5924711695011249
2022-07-27,1.6258388228038734
2022-07-28,1.6502921308755152
2022-07-29,1.67479198230381
2022-08-01,1.6817449029351867
2022-08-02,1.66804461254928
2022-08-03,1.6898133901801375
2022-08-04,1.6915776836048042
2022-08-05,1.6945794300720418
2022-08-08,1.6898113363427707
2022-08-09,1.6773029444552772
2022-08-10,1.715211342045793
2022-08-11,1.7195609819436393
2022-08-12,1.7475730518214538
2022-08-15,1.7434168949718143
2022-08-16,1.745667228690342
2022-08-17,1.7256455601834586
2022-08-18,1.7333361440961554
2022-08-19,1.6984114677282258
2022-08-22,1.66588217841268
2022-08-23,1.665370946226056
2022-08-24,1.6782390610167808
2022-08-25,1.7111593520467816
2022-08-26,1.6530642766374497
2022-08-29,1.6305933351504227
2022-08-30,1.6098908473677895
2022-08-31,1.5896496090098682
2022-09-01,1.5771739054015845
2022-09-02,1.5659138438095508
2022-09-06,1.5608132617504982
2022-09-07,1.5980162270525808
2022-09-08,1.6149106490144656
2022-09-09,1.6410477853182723
2022-09-12,1.6582232914651545
2022-09-13,1.5893745149641647
2022-09-14,1.5929697324417436
2022-09-15,1.5683395268831508
2022-09-16,1.5520691388080188
2022-09-19,1.564134406929544
2022-09-20,1.5397200267052535
2022-09-21,1.5169570557339962
2022-09-22,1.492992679580559
2022-09-23,1.474734075080075
2022-09-26,1.4554488672226906
2022-09-27,1.4536338706232592
2022-09-28,1.484341154647623
2022-09-29,1.4535760184452977
2022-09-30,1.434845235205746
2022-10-03,1.4744929079912241
2022-10-04,1.5291196310065778
2022-10-05,1.5214113289734545
2022-10-06,1.4998946367948294
2022-10-07,1.457001805916452
2022-10-10,1.4403442945811282
2022-10-11,1.4203532634443021
2022-10-12,1.4034974083575478
2022-10-13,1.4292873579596836
2022-10-14,1.3934307618995438
2022-10-17,1.4288944625195399
2022-10-18,1.4565008163626267
2022-10-19,1.447807892454605
2022-10-20,1.4370822069105589
2022-10-21,1.468237401652879
2022-10-24,1.4814700224261093
2022-10-25,1.518941646799774
2022-10-26,1.5132262711903293
2022-10-27,1.5172886893759705
2022-10-28,1.551840438484404
2022-10-31,1.5421115111171468
2022-11-01,1.539996489321308
2022-11-02,1.4967233207645028
2022-11-03,1.466316512985709
2022-11-04,1.4723832676225073
2022-11-07,1.4731076735036492
2022-11-08,1.4886339218072082
2022-11-09,1.462509171944186
2022-11-10,1.5623467784394343
2022-11-11,1.5780962739454458
2022-11-14,1.5557990489399032
2022-11-15,1.578094347665198
2022-11-16,1.5660986734871378
2022-11-17,1.5494800033792802
2022-11-18,1.556283078585577
2022-11-21,1.5558609517926232
2022-11-22,1.576789462467073
2022-11-23,1.5901371743397437
2022-11-24,1.5901371743397437
2022-11-25,1.591172478108295
2022-11-28,1.574095857623719
2022-11-29,1.5662583737084053
2022-11-30,1.6002581055436864
2022-12-01,1.5933417607935136
2022-12-02,1.593176994494917
2022-12-05,1.5616130022294132
2022-12-06,1.5468195852215612
2022-12-07,1.5400438003047743
2022-12-08,1.5518127365442838
2022-12-09,1.5438452019389255
2022-12-12,1.5660905613328968
2022-12-13,1.5783962159628415
2022-12-14,1.566218483521604
2022-12-15,1.5357607578922414
2022-12-16,1.5146202387916976
2022-12-19,1.5010353736320705
2022-12-20,1.500687675227878
2022-12-21,1.5288528392751461
2022-12-22,1.5139178588050664
2022-12-23,1.523330481823755
2022-12-27,1.5175102115710757
2022-12-28,1.4963872911590932
2022-12-29,1.5238867862157024
2022-12-30,1.5173662481810195
2023-01-03,1.522513532983743
2023-01-04,1.550410944374598
2023-01-05,1.5330225759059843
2023-01-06,1.5740294572834663
2023-01-09,1.5748567000135527
2023-01-10,1.58730264938845
2023-01-11,1.6051740057895667
2023-01-12,1.608998411075552
2023-01-13,1.6151886074990145
2023-01-16,1.6151886074990145
2023-01-17,1.61944332144714
2023-01-18,1.5979478357753738
2023-01-19,1.5751270008094493
2023-01-20,1.6140179325623625
2023-01-23,1.6324475417843531
2023-01-24,1.622308621107998
2023-01-25,1.6212571026984393
2023-01-26,1.6375790439281097
2023-01-27,1.6463226730169274
2023-01-30,1.62699087896526
2023-01-31,1.660289386305325
2023-02-01,1.6835523512284418
2023-02-02,1.7102017390981463
2023-02-03,1.6933345697434463
2023-02-06,1.669156746057924
2023-02-07,1.6846428328350402
2023-02-08,1.6668971831693844
2023-02-09,1.6559438792969117
2023-02-10,1.6563039448003878
2023-02-13,1.6789261771927935
2023-02-14,1.680140919947092
2023-02-15,1.6902775366899814
2023-02-16,1.6805092709846174
2023-02-17,1.6758142858387848
2023-02-21,1.6397216318902885
2023-02-22,1.6434825951746708
2023-02-23,1.659605990892447
2023-02-24,1.6458787063174452
2023-02-27,1.6475335328101721
2023-02-28,1.633767259510142
2023-03-01,1.632645568609781
2023-03-02,1.643915667520633
2023-03-03,1.6710334257012158
2023-03-06,1.663142402546005
2023-03-07,1.6368509244619618
2023-03-08,1.6381135626205505
2023-03-09,1.6009365513109273
2023-03-10,1.5623803391433473
2023-03-13,1.5496451164227296
2023-03-14,1.5730069791123982
2023-03-15,1.5521317340675467
2023-03-16,1.5732380046736905
2023-03-17,1.5492887686797885
2023-03-20,1.5650932529777117
2023-03-21,1.5982657514514962
2023-03-22,1.5584737302897496
2023-03-23,1.537729097375878
2023-03-24,1.5429418559083345
2023-03-27,1.5612600665115106
2023-03-28,1.5750162700970827
2023-03-29,1.6038284413285786
2023-03-30,1.6127718514645037
2023-03-31,1.6362619412052122
2023-04-03,1.6316492136898426
2023-04-04,1.6057719099686167
2023-04-05,1.6051073385070043
2023-04-06,1.6050854324244437
2023-04-10,1.6192590397424256
2023-04-11,1.6312603565125638
2023-04-12,1.6151143294712755
2023-04-13,1.6300737567770032
2023-04-14,1.6239166807964442
2023-04-17,1.633734112476063
2023-04-18,1.6368041797913886
2023-04-19,1.6420675169991352
2023-04-20,1.6272913639549083
2023-04-21,1.6288261696210469
2023-04-24,1.63212824160434
2023-04-25,1.589814042452189
2023-04-26,1.5903967675933657
2023-04-27,1.6140206227441343
2023-04-28,1.6214666946028704
2023-05-01,1.6182719987152268
2023-05-02,1.5922475460444
2023-05-03,1.5826406181684995
2023-05-04,1.5488611657987608
2023-05-05,1.575241182254916
2023-05-08,1.5766565126086152
2023-05-09,1.5780468211666667
2023-05-10,1.5772845525921482
2023-05-11,1.5751851998546986
2023-05-12,1.568349964987291
2023-05-15,1.5865575867023591
2023-05-16,1.5596019978612556
2023-05-17,1.5923944985243188
2023-05-18,1.6099401474293298
2023-05-19,1.599969793716191
2023-05-22,1.6042948357247078
2023-05-23,1.5903424506333765
2023-05-24,1.573848499121217
2023-05-25,1.5613793734817418
2023-05-26,1.5758272328344036
2023-05-29,1.5758272328344036
2023-05-30,1.5749705288603217
2023-05-31,1.5586143696220505
2023-06-01,1.5686215905304086
2023-06-02,1.6074581116138005
2023-06-05,1.5997319300338533
2023-06-06,1.6139713317379696
2023-06-07,1.6289706795018053
2023-06-08,1.6252541964549334
2023-06-09,1.622951228349042
2023-06-12,1.6414576306474224
2023-06-13,1.6701145357437723
2023-06-14,1.6695988073751085
2023-06-15,1.6941283328292704
2023-06-16,1.686245116031125
2023-06-19,1.686245116031125
2023-06-20,1.6733839481108848
2023-06-21,1.6696427692932017
2023-06-22,1.658921697221224
2023-06-23,1.650233369916789
2023-06-26,1.6586623360736263
2023-06-27,1.6909227890425065
2023-06-28,1.7002177657183712
2023-06-29,1.7100329936205978
2023-06-30,1.7318770232247842
2023-07-03,1.7454697371089967
2023-07-04,1.7454697371089967
2023-07-05,1.7407727333503733
2023-07-06,1.7215860779060537
2023-07-07,1.7355554355715899
2023-07-10,1.7557271678985893
2023-07-11,1.7813183864780378
2023-07-12,1.7856462899584102
2023-07-13,1.801660345415771
2023-07-14,1.787010468332852
2023-07-17,1.7923593563068603
2023-07-18,1.810121568197431
2023-07-19,1.8240560247046402
2023-07-20,1.816219798792517
2023-07-21,1.818171871602283
2023-07-24,1.816694930852824
2023-07-25,1.8197451043642972
2023-07-26,1.8227710317847758
2023-07-27,1.8116517809522943
2023-07-28,1.8317420989907474
2023-07-31,1.840336402301986
2023-08-01,1.8309497944656086
2023-08-02,1.811712074697853
2023-08-03,1.7896199925122949
2023-08-04,1.7732051518700882
2023-08-07,1.7910770714147235
2023-08-08,1.7809867874097862
2023-08-09,1.7742605851268294
2023-08-10,1.7756590719131662
2023-08-11,1.7786979919594685
2023-08-14,1.780541454389735
2023-08-15,1.7462720359433808
2023-08-16,1.7357687224588054
2023-08-17,1.7086982263191812
2023-08-18,1.7102750009827585
2023-08-21,1.71316206342161
2023-08-22,1.7112604739869028
2023-08-23,1.7283725538206782
2023-08-24,1.709071569780619
2023-08-25,1.7215023537103749
2023-08-28,1.7323436150889777
2023-08-29,1.7583180781624785
2023-08-30,1.7618013123148222
2023-08-31,1.7491511897037033
2023-09-01,1.7466446327255274
2023-09-05,1.7260637590018197
2023-09-06,1.7195981040559498
2023-09-07,1.7093219067576468
2023-09-08,1.710335094760291
2023-09-11,1.712155297611777
2023-09-12,1.7123968187364744
2023-09-13,1.6989609741464469
2023-09-14,1.717348909262307
2023-09-15,1.707282528266422
2023-09-18,1.6987752940658498
2023-09-19,1.6934302326450208
2023-09-20,1.6864013015442718
2023-09-21,1.6496142245912506
2023-09-22,1.6375647797987787
2023-09-25,1.6405507683562464
2023-09-26,1.6143832962946985
2023-09-27,1.6162983309363055
2023-09-28,1.6237696587015205
2023-09-29,1.622844158613145
2023-10-02,1.603687331383889
2023-10-03,1.5842085968574953
2023-10-04,1.5947973418684875
2023-10-05,1.5937510588488082
2023-10-06,1.6061220767349154
2023-10-09,1.61697869757169
2023-10-10,1.6281674706410465
2023-10-11,1.6286248679461666
2023-10-12,1.5945845845259286
2023-10-13,1.5868810176968682
2023-10-16,1.605995855076321
2023-10-17,1.6128911438719167
2023-10-18,1.5822445401256664
2023-10-19,1.5635557370378155
2023-10-20,1.547228178154113
2023-10-23,1.5352722099576996
2023-10-24,1.549304382065401
2023-10-25,1.523394230693162
2023-10-26,1.5245239236117096
2023-10-27,1.5071555436106483
2023-10-30,1.519926838218467
2023-10-31,1.5351747926611587
2023-11-01,1.5343064103190545
2023-11-02,1.5761498681642154
2023-11-03,1.614352532160961
2023-11-06,1.6006966129161435
2023-11-07,1.597632631025323
2023-11-08,1.5882630689003132
2023-11-09,1.5715095674624813
2023-11-10,1.5935311776245076
2023-11-13,1.5828356429960315
2023-11-14,1.638326649360079
2023-11-15,1.6438345247718842
2023-11-16,1.6334748221326632
2023-11-17,1.6406200017150272
2023-11-20,1.651925085162401
2023-11-21,1.6472670043411084
2023-11-22,1.6582140266700498
2023-11-23,1.6582140266700498
2023-11-24,1.6636142518258865
2023-11-27,1.6586460059818522
2023-11-28,1.6576731738305834
2023-11-29,1.6681867695799057
2023-11-30,1.6765800374621977
2023-12-01,1.7058486519327525
2023-12-04,1.7117527414198548
2023-12-05,1.6933167571606411
2023-12-06,1.7039329103914256
2023-12-07,1.7137564497224553
2023-12-08,1.7214397251234042
2023-12-11,1.7276499769942713
2023-12-12,1.7281719925535004
2023-12-13,1.7673813983721753
2023-12-14,1.80495451540311
2023-12-15,1.7869304615030044
2023-12-18,1.7826953131339545
2023-12-19,1.7968575493676562
2023-12-20,1.763650662249153
2023-12-21,1.792929457371673
2023-12-22,1.7950286062831475
2023-12-26,1.8016947960949445
2023-12-27,1.8012859498141285
2023-12-28,1.806095534244527
2023-12-29,1.7956330524936448
2024-01-02,1.7894651322730402
2024-01-03,1.751235840130869
2024-01-04,1.7509789456130749
2024-01-05,1.7608292831701884
2024-01-08,1.7822882576636712
2024-01-09,1.7723567196727625
2024-01-10,1.7851557560168525
2024-01-11,1.78051091365444
2024-01-12,1.7674453760421933
2024-01-15,1.7674453760421933
2024-01-16,1.7537734620963674
2024-01-17,1.7389398945691954
2024-01-18,1.7517963248336674
2024-01-19,1.7599143307947018
2024-01-22,1.7670705822057728
2024-01-23,1.7720949514014483
2024-01-24,1.7635871644566727
2024-01-25,1.7916760231506619
2024-01-26,1.7874854789203152
2024-01-29,1.7942852929286461
2024-01-30,1.7910749575202334
2024-01-31,1.7665133256712235
2024-02-01,1.788202806982669
2024-02-02,1.782001023346932
2024-02-05,1.7559699153537822
2024-02-06,1.769116101773624
2024-02-07,1.7821322012345453
2024-02-08,1.7926433731703884
2024-02-09,1.7982199507473484
2024-02-12,1.8147357390708025
2024-02-13,1.7780672587809467
2024-02-14,1.7983411919468084
2024-02-15,1.815593917770047
2024-02-16,1.8077385520510678
2024-02-20,1.799436764049694
2024-02-21,1.8051648434220022
2024-02-22,1.8280593434225136
2024-02-23,1.8354623934692504
2024-02-26,1.8242874396777649
2024-02-27,1.843390547308584
2024-02-28,1.8402512169731633
2024-02-29,1.857634687115835
2024-03-01,1.8565162204423344
2024-03-04,1.8644309038895577
2024-03-05,1.8630310259650185
2024-03-06,1.879933989970117
2024-03-07,1.9001035996638234
2024-03-08,1.8954674948849992
2024-03-11,1.9003961399558766
2024-03-12,1.9049405854492525
2024-03-13,1.9247275709547635
2024-03-14,1.9079591662758024
2024-03-15,1.893578341416949
2024-03-18,1.8995659300062233
2024-03-19,1.918872297054505
2024-03-20,1.9344217431241328
2024-03-21,1.954733201802279
2024-03-22,1.9412182063613903
2024-03-25,1.9437151770621677
2024-03-26,1.93303675211389
2024-03-27,1.966267218196275
2024-03-28,1.9745038052204957
2024-04-01,1.9584869400854346
2024-04-02,1.942658647673269
2024-04-03,1.9572155434142735
2024-04-04,1.9385546721463303
2024-04-05,1.9519388919721077
2024-04-08,1.949763249128793
2024-04-09,1.9545145377347042
2024-04-10,1.9204745647810089
2024-04-11,1.9216271579658541
2024-04-12,1.8923397706303777
2024-04-15,1.8798359525968278
2024-04-16,1.8607855119624233
2024-04-17,1.8589220372706703
2024-04-18,1.85331851302731
2024-04-19,1.8686494985532953
2024-04-22,1.8832257989309589
2024-04-23,1.9035830401401275
2024-04-24,1.915922862211832
2024-04-25,1.8962815709902985
2024-04-26,1.897665932812222
2024-04-29,1.912909861545578
2024-04-30,1.884280025579227
2024-05-01,1.8933785733635744
2024-05-02,1.9222786329248005
2024-05-03,1.9317353290915014
2024-05-06,1.949314178989914
2024-05-07,1.9510112899865095
2024-05-08,1.949031303522906
2024-05-09,1.9757275122469602
2024-05-10,1.9749842611793966
2024-05-13,1.9762615420819936
2024-05-14,1.981503645711711
2024-05-15,1.9879337052411308
2024-05-16,1.9814798507986957
2024-05-17,1.980003983145496
2024-05-20,1.9907093710861543
2024-05-21,1.98517916074221
2024-05-22,1.9688591923886027
2024-05-23,1.9462830290251663
2024-05-24,1.9601943845518575
2024-05-27,1.9601943845518575
2024-05-28,1.9484153097700698
2024-05-29,1.9300046294225486
2024-05-30,1.9485993035054119
2024-05-31,1.9726299723329315
2024-06-03,1.9503810280138776
2024-06-04,1.946056028333378
2024-06-05,1.9531766063382878
2024-06-06,1.9571496451719304
2024-06-07,1.9573698279569545
2024-06-10,1.9574452074584525
2024-06-11,1.9543594407187432
2024-06-12,1.9638004071370698
2024-06-13,1.9544176862970577
2024-06-14,1.934736778299275
2024-06-17,1.9408141933684284
2024-06-18,1.9457967698119645
2024-06-19,1.9457967698119645
2024-06-20,1.9467377373027872
2024-06-21,1.9566368837162034
2024-06-24,1.9712210485757216
2024-06-25,1.952044335924971
2024-06-26,1.94286239585935
2024-06-27,1.9511528923820733
2024-06-28,1.9517400771123923
2024-07-01,1.9311306815769818
2024-07-02,1.9355991008103148
2024-07-03,1.9412227623890692
2024-07-04,1.9412227623890692
2024-07-05,1.9313681581416589
2024-07-08,1.931789091604962
2024-07-09,1.9241803820312786
2024-07-10,1.9373631729664231
2024-07-11,1.9714399326401932
2024-07-12,1.9943587375583305
2024-07-15,1.9975880755689062
2024-07-16,2.0359676669653037
2024-07-17,2.0380749884900244
2024-07-18,2.018292998602882
2024-07-19,2.003929594523591
2024-07-22,2.0136173601441327
2024-07-23,2.005896127498334
2024-07-24,1.981103120054871
2024-07-25,1.9909442352774291
2024-07-26,2.015508638626222
2024-07-29,2.021509476320508
2024-07-30,2.035505690454153
2024-07-31,2.0491994192895517
2024-08-01,2.0109721308756145
2024-08-02,1.9624376273102009
2024-08-05,1.911748120026705
2024-08-06,1.9413696095026638
2024-08-07,1.93005002025641
2024-08-08,1.9670338986002294
2024-08-09,1.971350109449358
2024-08-12,1.9571277677436225
2024-08-13,1.9809324003816735
2024-08-14,1.9863627844070977
2024-08-15,2.019924457806789
2024-08-16,2.0212203164640163
2024-08-19,2.0355121187499408
2024-08-20,2.03241395637695
2024-08-21,2.032864537821676
2024-08-22,2.029925856120882
2024-08-23,2.060247033734437
2024-08-26,2.0616902423249983
2024-08-27,2.058980784276286
2024-08-28,2.0427687090141284
2024-08-29,2.0547509565966773
2024-08-30,2.0697870231072284
2024-09-03,2.038150090260156
2024-09-04,2.0313331487692734
2024-09-05,2.0130944456928166
2024-09-06,1.9905410460130644
2024-09-09,2.0101478286601973
2024-09-10,2.005917667196169
2024-09-11,2.0090472353343682
2024-09-12,2.0379514577545574
2024-09-13,2.0693285355829882
2024-09-16,2.090442680608952
2024-09-17,2.094693699287823
2024-09-18,2.093745220773643
2024-09-19,2.103392778769872
2024-09-20,2.0925837125177154
2024-09-23,2.099578642684165
2024-09-24,2.1043587917432007
2024-09-25,2.087571573052699
2024-09-26,2.1053284291262835
2024-09-27,2.115159682343394
2024-09-30,2.116108016610724
2024-10-01,2.0997934729818084
2024-10-02,2.089010180927637
2024-10-03,2.0786905593130482
2024-10-04,2.0932138148568393
2024-10-07,2.0805397209102114
2024-10-08,2.090471466392069
2024-10-09,2.113005593264169
2024-10-10,2.0970353623614324
2024-10-11,2.1119741249441977
2024-10-14,2.1274092427981572
2024-10-15,2.132223815578498
2024-10-16,2.1527885784487393
2024-10-17,2.1475408341287103
2024-10-18,2.1543987598490135
2024-10-21,2.135254601712249
2024-10-22,2.1321302735530883
2024-10-23,2.1242848456012142
2024-10-24,2.1202926413812584
2024-10-25,2.115369200696734
2024-10-28,2.132378192071998
2024-10-29,2.116770215316346
2024-10-30,2.11904568664049
2024-10-31,2.1080541803036414
2024-11-01,2.114774440566991
2024-11-04,2.118182370522047
2024-11-05,2.150452098622548
2024-11-06,2.1909817595055987
2024-11-07,2.222010687293723
2024-11-08,2.227678199572638
2024-11-11,2.2429413190296486
2024-11-12,2.2241348564407213
2024-11-13,2.236107354296912
2024-11-14,2.2313908223342924
2024-11-15,2.2070149237833965
2024-11-18,2.215523750761467
2024-11-19,2.2086805809721266
2024-11-20,2.2236050111960006
2024-11-21,2.2529943691965717
2024-11-22,2.273281431426209
2024-11-25,2.3036414669002543
2024-11-26,2.292189654277409
2024-11-27,2.2984823235498
2024-11-28,2.2984823235498
2024-11-29,2.2999212383055205
2024-12-02,2.2863527674324016
2024-12-03,2.283282789586634
2024-12-04,2.277827735417498
2024-12-05,2.262915999605111
2024-12-06,2.262464671061585
2024-12-09,2.261654914276891
2024-12-10,2.245115711111332
2024-12-11,2.2427187684459198
2024-12-12,2.2343942057576713
2024-12-13,2.206719473806324
2024-12-16,2.1940732804171423
2024-12-17,2.176811576516767
2024-12-18,2.122037518634565
2024-12-19,2.1085409435020424
2024-12-20,2.139151267257868
2024-12-23,2.1443074482974422
2024-12-24,2.160533076402545
2024-12-26,2.1629820398615633
2024-12-27,2.146187190169096
2024-12-30,2.1205614589373543
2024-12-31,2.122127795282922
2025-01-02,2.115484924328014
2025-01-03,2.1379732606256048
2025-01-06,2.1405426437776023
2025-01-07,2.126645831912946
2025-01-08,2.1342983866693754
2025-01-09,2.1342983866693754
2025-01-10,2.1055526847602373
2025-01-13,2.1240561905906756
2025-01-14,2.1441855375426844
2025-01-15,2.1687768445440785
2025-01-16,2.1878525490472382
2025-01-17,2.1987090301738643
2025-01-20,2.1987090301738643
2025-01-21,2.208950107507399
2025-01-22,2.2024956920358876
2025-01-23,2.2060262233861434
2025-01-24,2.203016083613201
2025-01-27,2.2201577309909575
2025-01-28,2.2090863704522183
2025-01-29,2.192119764953644
2025-01-30,2.2010272472659533
2025-01-31,2.1900519005356154
2025-02-03,2.169081238320456
2025-02-04,2.192797329071929
2025-02-05,2.1862302817881827
2025-02-06,2.1979829791190943
2025-02-07,2.18245624057174
2025-02-10,2.189544161495619
2025-02-11,2.19084602789002
2025-02-12,2.1771460471274175
2025-02-13,2.1973236487292516
2025-02-14,2.1881380401363644
2025-02-18,2.1917201598401856
2025-02-19,2.18570270052739
2025-02-20,2.181340059724738
2025-02-21,2.153245438657813
2025-02-24,2.1471316917536045
2025-02-25,2.161124340860378
2025-02-26,2.155216672089378
2025-02-27,2.1341566515377224
2025-02-28,2.157357500516303
2025-03-03,2.1101632065045735
2025-03-04,2.086262765608982
2025-03-05,2.113512302068552
2025-03-06,2.0879241250546086
2025-03-07,2.114100283311716
2025-03-10,2.080428421016677
2025-03-11,2.060111114714844
2025-03-12,2.047896590631854
2025-03-13,2.0270586713639593
2025-03-14,2.0644113410746106
2025-03-17,2.09350179975695
2025-03-18,2.083416143408276
2025-03-19,2.1007829230133557
2025-03-20,2.0853783062021574
2025-03-21,2.0789846812224484
2025-03-24,2.115815762807089
2025-03-25,2.1063412550563387
2025-03-26,2.1007333271712016
2025-03-27,2.0925215117237044
2025-03-28,2.0590490774092043
2025-03-31,2.0704069821063777
2025-04-01,2.0735463328386574
2025-04-02,2.1016311443140814
2025-04-03,1.9866178851858856
2025-04-04,1.8868382827724892
2025-04-07,1.8757200963033436
2025-04-08,1.8276403821371998
2025-04-09,1.9754667404629822
2025-04-10,1.9017551984089727
2025-04-11,1.9302079867377055
2025-04-14,1.9592809545206966
2025-04-15,1.94439041889356
2025-04-16,1.920326754963505
2025-04-17,1.9367260104159116
2025-04-21,1.901680442819391
2025-04-22,1.9520569359953686
2025-04-23,1.9722506254193608
2025-04-24,2.023557627530591
2025-04-25,2.023002602256202
2025-04-28,2.0238251021062847
2025-04-29,2.0355326907020848
2025-04-30,2.035499739914216
2025-05-01,2.0318840798201636
2025-05-02,2.0640150906922567
2025-05-05,2.040870975138881
2025-05-06,2.0292953240556075
2025-05-07,2.0404307431239563
2025-05-08,2.065899618489082
2025-05-09,2.0635865017825625
2025-05-12,2.130848826170394
2025-05-13,2.1404439513842477
2025-05-14,2.11490228351342
2025-05-15,2.1328579547530166
2025-05-16,2.1566853248651725
2025-05-19,2.1547503500183107
2025-05-20,2.1480336042955703
2025-05-21,2.0900860818049543
2025-05-22,2.085168576014354
2025-05-23,2.0804173053592585
2025-05-26,2.0804173053592585
2025-05-27,2.1178945125444772
2025-05-28,2.091989256499024
2025-05-29,2.09665577151083
2025-05-30,2.088321227482814
2025-06-02,2.0875419842931286
2025-06-03,2.1059181267348923
2025-06-04,2.0981647422254066
2025-06-05,2.094298062757162
2025-06-06,2.118828342923521
2025-06-09,2.1243826142648192
2025-06-10,2.1469456900986055
2025-06-11,2.1460289068219915
2025-06-12,2.1461856928946275
2025-06-13,2.120240360640244
2025-06-16,2.153777826701057
2025-06-17,2.1320124819300075
2025-06-18,2.131224355583159
2025-06-19,2.131224355583159
2025-06-20,2.1431330951981584
2025-06-23,2.154475262038081
2025-06-24,2.187083472756451
2025-06-25,2.1710909316698035
2025-06-26,2.189196380146296
2025-06-27,2.194297629658196
2025-06-30,2.202268812198536
2025-07-01,2.221768177984001
2025-07-02,2.239788037854019
2025-07-03,2.2497530735510494
2025-07-04,2.2497530735510494
2025-07-07,2.2335768812129624
2025-07-08,2.241108812858026
2025-07-09,2.2582118617063363
2025-07-10,2.268719414197999
2025-07-11,2.249556681301447
2025-07-14,2.25428232859402
2025-07-15,2.2329246024663374
2025-07-16,2.2381271113204977
2025-07-17,2.2543177992786925
2025-07-18,2.2560989638969597
2025-07-21,2.252455243269468
2025-07-22,2.277463850131889
2025-07-23,2.296985865502572
2025-07-24,2.2875708339055882
2025-07-25,2.301383573010433
2025-07-28,2.2876034759744863
2025-07-29,2.278794682228144
2025-07-30,2.262099941577463
2025-07-31,2.2389785568435743
2025-08-01,2.20865292715252
2025-08-04,2.2346530314232305
2025-08-05,2.2316579500394527
2025-08-06,2.2210902279297633
2025-08-07,2.2251673116064903
2025-08-08,2.2256799074352096
2025-08-11,2.2155925056072148
2025-08-12,2.258300755676575
2025-08-13,2.282916813078332
2025-08-14,2.2673364225082966
2025-08-15,2.2565904224321973
2025-08-18,2.2561845517090697
2025-08-19,2.2640077379845613
2025-08-20,2.2609776299512876
2025-08-21,2.254367235764055
2025-08-22,2.3054911962285054
2025-08-25,2.3005352734620574
2025-08-26,2.3009645036320365
2025-08-27,2.3103252194119532
2025-08-28,2.3110799404535634
2025-08-29,2.3072109271214636
2025-09-02,2.2663074988622154
2025-09-03,2.27174328611242
2025-09-04,2.2879483011111987
2025-09-05,2.2914791403727497
2025-09-08,2.290496274882279
2025-09-09,2.2685523631322835
2025-09-10,2.266838596155814
2025-09-11,2.3077193611762223
2025-09-12,2.2889433731672053
2025-09-15,2.292753753786209
2025-09-16,2.2855430665015533
2025-09-17,2.2925666510954987
2025-09-18,2.308084959854405
2025-09-19,2.3053315744984033
2025-09-22,2.2986848229826315
2025-09-23,2.3031529416309944
2025-09-24,2.2903306246483472
2025-09-25,2.2680403610860638
2025-09-26,2.2900220603744086
2025-09-29,2.29241309793065
2025-09-30,2.2951334203059868
2025-10-01,2.298691668429452
2025-10-02,2.3088609656427788
